OverallQual,2ndFlrSF,1stFlrSF,GarageArea,BsmtFinSF1,LotArea,MasVnrArea,OpenPorchSF,WoodDeckSF,YearRemodAdd,BsmtUnfSF,YearBuilt,GarageYrBlt
7,854,856,548,706,8450,196.0,61,0,2003,150,2003,2003.0
6,0,1262,460,978,9600,0.0,0,298,1976,284,1976,1976.0
7,866,920,608,486,11250,162.0,42,0,2002,434,2001,2001.0
7,756,961,642,216,9550,0.0,35,0,1970,540,1915,1998.0
8,1053,1145,836,655,14260,350.0,84,192,2000,490,2000,2000.0
5,566,796,480,732,14115,0.0,30,40,1995,64,1993,1993.0
8,0,1694,636,1369,10084,186.0,57,255,2005,317,2004,2004.0
7,983,1107,484,859,10382,240.0,204,235,1973,216,1973,1973.0
7,752,1022,468,0,6120,0.0,0,90,1950,952,1931,1931.0
5,0,1077,205,851,7420,0.0,4,0,1950,140,1939,1939.0
5,0,1040,384,906,11200,0.0,0,0,1965,134,1965,1965.0
9,1142,1182,736,998,11924,286.0,21,147,2006,177,2005,2005.0
5,0,912,352,737,12968,0.0,0,140,1962,175,1962,1962.0
7,0,1494,840,0,10652,306.0,33,160,2007,1494,2006,2006.0
6,0,1253,352,733,10920,212.0,213,0,1960,520,1960,1960.0
7,0,854,576,0,6120,0.0,112,48,2001,832,1929,1991.0
6,0,1004,480,578,11241,180.0,0,0,1970,426,1970,1970.0
4,0,1296,516,0,10791,0.0,0,0,1967,0,1967,1967.0
5,0,1114,576,646,13695,0.0,102,0,2004,468,2004,2004.0
5,0,1339,294,504,7560,0.0,0,0,1965,525,1958,1958.0
8,1218,1158,853,0,14215,380.0,154,240,2006,1158,2005,2005.0
7,0,1108,280,0,7449,0.0,0,0,1950,637,1930,1930.0
8,0,1795,534,0,9742,281.0,159,171,2002,1777,2002,2002.0
5,0,1060,572,840,4224,0.0,110,100,1976,200,1976,1976.0
5,0,1060,270,188,8246,0.0,90,406,2001,204,1968,1968.0
8,0,1600,890,0,14230,640.0,56,0,2007,1566,2007,2007.0
5,0,900,576,234,7200,0.0,32,222,2000,180,1951,2005.0
8,0,1704,772,1218,11478,200.0,50,0,2008,486,2007,2008.0
5,0,1600,319,1277,16321,0.0,258,288,1997,207,1957,1957.0
4,0,520,240,0,6324,0.0,0,49,1950,520,1927,1920.0
4,668,649,250,0,8500,0.0,54,0,1950,649,1920,1920.0
5,0,1228,271,0,8544,0.0,65,0,2006,1228,1966,1966.0
8,0,1234,484,0,11049,0.0,30,0,2007,1234,2007,2007.0
5,0,1700,447,1018,10552,0.0,38,0,1959,380,1959,1959.0
9,0,1561,556,1153,7313,246.0,47,203,2005,408,2005,2005.0
8,1320,1132,691,0,13418,132.0,32,113,2005,1117,2004,2004.0
5,0,1097,672,0,10859,0.0,64,392,1995,1097,1994,1995.0
5,0,1297,498,1213,8532,650.0,0,0,1990,84,1954,1954.0
5,0,1057,246,731,7922,0.0,52,0,2007,326,1953,1953.0
4,0,1152,0,0,6040,0.0,0,0,1955,0,1955,1980.0
6,0,1324,440,643,8658,101.0,138,0,1965,445,1965,1965.0
5,0,1328,308,967,16905,0.0,104,0,1959,383,1959,1959.0
5,0,884,504,747,9180,0.0,0,240,1983,0,1983,1983.0
5,0,938,308,280,9200,0.0,0,145,1980,167,1975,1977.0
5,0,1150,300,179,7945,0.0,0,0,1959,465,1959,1959.0
9,0,1752,576,456,7658,412.0,82,196,2005,1296,2005,2005.0
7,631,1518,670,1351,12822,0.0,43,168,2003,83,2003,2003.0
8,0,1656,826,24,11096,0.0,146,0,2006,1632,2006,2006.0
4,716,736,0,0,4456,0.0,0,0,2008,736,1920,1980.0
5,0,955,386,763,7742,0.0,0,0,1966,192,1966,1966.0
6,676,794,388,182,13869,0.0,75,0,1997,612,1997,1997.0
6,0,816,528,0,6240,0.0,0,112,1950,816,1934,1985.0
5,0,816,516,104,8472,0.0,0,106,1963,0,1963,1963.0
9,0,1842,894,1810,50271,0.0,72,857,1987,32,1981,1981.0
5,0,1360,572,384,7134,0.0,50,0,1955,0,1955,1962.0
6,0,1425,576,490,10175,272.0,0,0,1964,935,1964,1964.0
8,756,983,480,649,2645,456.0,0,115,2000,321,1999,1999.0
7,860,860,565,0,11645,0.0,70,0,2004,860,2004,2004.0
10,1519,1426,641,0,13682,1031.0,0,192,2006,1410,2006,2006.0
5,0,780,352,632,7200,0.0,0,196,1972,148,1972,1973.0
6,0,1158,576,941,13072,0.0,50,0,2004,217,2004,2006.0
5,530,581,288,0,7200,0.0,0,0,1996,530,1920,1935.0
8,0,1370,484,24,6442,178.0,49,120,2006,1346,2006,2006.0
7,808,902,480,0,10300,0.0,11,12,1950,576,1921,1990.0
7,977,1057,645,739,9375,573.0,36,576,1998,318,1997,1998.0
8,1330,1143,852,0,9591,344.0,151,192,2005,1143,2004,2004.0
7,0,2207,576,912,19900,287.0,0,301,1989,1035,1970,1970.0
7,0,1479,558,1013,10665,167.0,29,144,2003,440,2003,2003.0
4,0,747,220,0,4608,0.0,0,0,1950,747,1945,1945.0
7,983,1304,667,603,15593,0.0,21,0,1953,701,1953,1953.0
7,0,2223,516,1880,13651,1115.0,0,300,1973,343,1973,1973.0
4,0,845,360,565,7599,0.0,0,0,2006,280,1982,1987.0
7,833,885,427,0,10141,40.0,94,0,1998,832,1998,1998.0
5,0,1086,490,320,10200,104.0,0,0,2003,404,1954,1989.0
3,765,840,379,0,5790,0.0,0,0,1950,840,1915,1915.0
4,462,526,297,462,1596,0.0,101,120,1973,0,1973,1973.0
4,0,952,283,228,8475,0.0,0,0,1956,724,1956,1956.0
5,213,1072,240,336,8635,0.0,0,0,2001,295,1948,1948.0
4,0,1768,0,0,10778,0.0,0,0,1968,1768,1968,1980.0
5,548,682,440,0,10440,0.0,0,74,1981,440,1910,1966.0
6,960,1182,509,448,13000,576.0,72,0,1968,448,1968,1968.0
6,0,1337,405,1201,4500,443.0,199,0,1998,36,1998,1998.0
8,0,1563,758,33,10206,468.0,99,144,2007,1530,2007,2007.0
5,0,1065,461,0,8892,66.0,0,74,1960,1065,1960,1974.0
7,670,804,400,0,8530,22.0,72,120,1996,384,1995,1995.0
8,1116,1301,462,0,16059,284.0,82,127,1992,1288,1991,1991.0
6,876,684,400,0,11911,0.0,38,100,2005,684,2005,2005.0
6,612,612,528,0,3951,76.0,234,0,2009,612,2009,2009.0
3,0,1013,0,0,8470,0.0,0,0,1982,1013,1915,1980.0
4,0,990,0,588,8070,0.0,0,0,1995,402,1994,1980.0
4,0,1040,420,0,7200,0.0,29,0,1950,0,1950,1950.0
5,0,1235,480,600,8500,203.0,0,0,1961,635,1961,1961.0
5,0,964,432,713,13360,0.0,0,0,2006,163,1921,1921.0
6,1031,1260,506,1046,7200,0.0,0,0,1998,168,1910,1900.0
6,881,905,684,648,9337,0.0,162,0,1997,176,1997,1997.0
6,790,680,420,310,9765,68.0,63,232,1993,370,1993,1993.0
7,0,1588,472,1162,10264,183.0,29,158,1999,426,1999,1999.0
4,0,960,432,520,10921,48.0,0,120,1965,440,1965,1965.0
5,0,835,366,108,10625,0.0,0,0,1950,350,1920,1920.0
4,0,1225,0,569,9320,0.0,0,352,1959,381,1959,1980.0
6,0,1610,480,1200,10603,28.0,68,168,2001,410,1977,1977.0
6,755,977,476,0,9206,336.0,46,192,1985,741,1985,1985.0
5,0,1535,410,0,7018,0.0,0,0,1979,0,1979,1979.0
7,0,1226,740,0,10402,0.0,36,0,2009,1226,2009,2009.0
7,592,1226,240,224,7758,600.0,0,0,1950,816,1931,1951.0
8,939,1053,648,0,9375,768.0,45,140,2004,1053,2003,2003.0
4,0,1047,273,0,10800,0.0,0,0,1995,641,1885,1954.0
5,0,789,250,104,6000,0.0,0,0,1950,516,1948,1948.0
5,520,997,0,0,8500,0.0,0,0,2005,793,1919,1980.0
6,0,1844,546,705,11751,480.0,122,0,1977,1139,1977,1977.0
6,639,1216,325,444,9525,0.0,0,182,1972,550,1954,1954.0
7,656,774,400,250,7750,0.0,0,180,2000,134,2000,2000.0
7,1414,1282,792,984,9965,220.0,184,120,2007,280,2007,2007.0
6,0,2259,450,35,21000,184.0,120,166,1953,905,1953,1953.0
6,884,1436,180,774,7259,0.0,0,224,2002,104,1945,1945.0
6,729,729,440,419,3230,1129.0,32,0,1999,310,1999,1999.0
5,0,1092,288,170,11616,116.0,20,0,1962,252,1962,1962.0
5,0,1125,430,0,8536,0.0,64,80,2007,1125,2006,2007.0
7,1523,1699,594,1470,12376,0.0,0,367,1990,203,1990,1990.0
6,728,728,390,0,8461,0.0,24,0,2006,728,2005,2005.0
6,0,988,540,938,21453,0.0,130,0,1969,0,1969,1969.0
4,351,772,264,0,6060,0.0,0,0,1950,732,1939,1979.0
6,0,1080,288,570,9464,135.0,0,0,1958,510,1958,1958.0
6,0,1199,530,300,7892,0.0,63,0,1993,899,1993,1993.0
6,0,1586,435,0,17043,0.0,0,192,1998,1362,1979,1979.0
6,0,520,0,490,6780,0.0,0,53,1982,30,1935,1980.0
6,0,958,440,120,4928,0.0,205,0,1976,958,1976,1977.0
5,0,840,0,116,4388,0.0,0,0,1950,556,1930,1980.0
6,688,660,453,512,7590,266.0,108,188,1966,148,1966,1966.0
5,0,1053,750,567,8973,85.0,80,0,1991,413,1958,1998.0
7,941,1216,487,445,14200,309.0,66,105,1966,479,1966,1966.0
6,1032,1022,390,695,12224,40.0,48,24,2000,297,2000,2000.0
5,0,1327,624,405,7388,0.0,0,0,2002,658,1959,1974.0
8,0,1296,471,1005,6853,136.0,25,192,2002,262,2001,2001.0
5,0,1721,440,570,10335,0.0,96,0,1993,891,1968,1968.0
7,0,1682,530,0,10400,288.0,0,98,1970,1304,1970,1970.0
5,0,1214,318,695,10355,196.0,111,0,1967,519,1967,1967.0
7,0,1959,766,0,11070,70.0,0,0,1989,1907,1988,1989.0
8,848,1004,660,668,9066,320.0,106,224,2000,336,1999,1999.0
6,836,928,470,821,15426,0.0,99,276,1997,107,1997,1997.0
4,0,864,0,432,10500,0.0,0,0,1971,432,1971,1980.0
7,0,1734,660,1300,11645,0.0,24,160,2005,434,2005,2005.0
5,475,910,720,507,8520,0.0,0,0,1952,403,1952,2000.0
7,0,1501,577,679,10335,183.0,29,144,1999,811,1999,1999.0
5,0,1728,504,1332,9100,336.0,0,0,1963,396,1963,1963.0
6,739,970,380,0,2522,50.0,40,0,2006,970,2004,2004.0
5,0,875,180,209,6120,0.0,0,48,1993,506,1931,1931.0
7,1151,884,434,0,9505,180.0,48,144,2001,884,2001,2001.0
7,0,1080,0,680,7500,120.0,0,0,2005,400,2004,1980.0
5,448,896,240,0,6240,0.0,114,200,1950,896,1936,1936.0
5,0,969,440,716,10356,0.0,0,0,1975,253,1975,1975.0
8,0,1710,866,1400,13891,436.0,102,0,2008,310,2007,2007.0
6,896,1097,495,416,14803,252.0,66,0,1971,409,1971,1971.0
6,0,1252,564,429,13500,0.0,0,409,1975,93,1960,1960.0
6,0,1200,312,0,11340,0.0,0,0,1950,1200,1923,1923.0
6,524,572,0,0,9600,0.0,8,0,1950,572,1924,1980.0
5,0,1040,625,0,7200,0.0,0,0,1950,0,1950,1950.0
8,1194,774,680,0,12003,84.0,75,0,2010,774,2009,2009.0
7,956,991,678,222,12552,0.0,136,0,2005,769,2004,2004.0
7,1070,1392,576,57,19378,456.0,132,239,2006,1335,2005,2006.0
6,0,1232,516,660,11120,0.0,0,0,1984,572,1984,1984.0
9,1096,1572,726,1016,13688,664.0,0,400,2004,556,2003,2003.0
7,0,1541,532,1201,12182,226.0,70,0,2005,340,2005,2005.0
4,0,882,0,0,5500,0.0,0,0,1956,882,1956,1980.0
6,467,1149,216,370,5400,0.0,0,0,2004,779,1926,1926.0
5,547,808,0,351,10106,0.0,0,140,1999,112,1940,1980.0
5,0,1867,303,379,10708,0.0,0,476,1993,470,1955,1955.0
8,551,1610,789,1288,10562,300.0,120,178,2007,294,2007,2007.0
7,880,840,440,0,8244,0.0,48,100,2004,840,2004,2004.0
8,0,1707,511,0,16669,653.0,64,574,1981,1686,1981,1981.0
5,0,854,660,360,12358,0.0,0,237,1950,360,1941,1991.0
6,0,1656,528,639,31770,112.0,62,210,1960,441,1960,1960.0
7,703,1064,504,495,5306,0.0,35,441,1987,354,1987,1987.0
6,0,1362,504,288,10197,491.0,20,0,1961,700,1961,1961.0
6,0,1651,616,1398,12416,132.0,0,192,1986,0,1986,1986.0
6,0,2158,576,477,12615,0.0,29,0,2001,725,1950,1950.0
6,896,1164,521,831,10029,268.0,228,0,1989,320,1988,1988.0
5,668,1252,451,57,13650,0.0,0,0,1958,554,1958,1958.0
9,0,2234,1166,1904,17423,748.0,60,0,2009,312,2008,2009.0
5,0,968,480,0,8520,0.0,0,0,2006,968,1923,1935.0
6,756,769,440,436,2117,456.0,0,0,2000,320,2000,2000.0
7,901,901,216,352,7588,0.0,0,0,1950,441,1920,1920.0
5,0,1340,252,0,9060,98.0,0,116,2006,0,1957,1957.0
7,720,1362,484,0,11426,0.0,238,280,2003,1362,2003,2003.0
5,316,936,576,0,7438,0.0,0,104,1991,504,1908,1986.0
10,1518,1518,840,0,22950,0.0,260,0,1993,1107,1892,1993.0
7,0,1217,497,611,9947,0.0,27,168,1991,577,1990,1990.0
5,704,808,180,0,10410,0.0,0,0,1987,660,1916,1916.0
5,0,1224,528,1086,7018,275.0,0,120,1979,0,1979,1979.0
8,0,1593,682,1153,4923,0.0,120,0,2002,440,2001,2001.0
8,1178,1549,440,297,10570,0.0,74,0,1994,556,1932,1932.0
7,754,725,484,626,7472,138.0,32,0,2004,99,1972,1972.0
7,0,1431,666,560,9017,0.0,35,0,1999,871,1999,1999.0
7,739,970,380,0,2522,50.0,40,0,2004,970,2004,2004.0
5,0,864,352,390,7180,0.0,0,0,1972,474,1972,1989.0
6,601,855,440,566,2280,0.0,0,87,1976,289,1976,1976.0
7,0,1726,786,1126,9416,205.0,138,171,2007,600,2007,2007.0
8,1360,1360,795,1036,25419,0.0,16,0,1990,140,1918,1918.0
6,929,929,0,0,5520,0.0,198,0,1950,755,1912,1980.0
8,0,1713,856,1088,9591,262.0,26,0,2005,625,2004,2004.0
4,0,1121,440,0,8546,0.0,64,132,2004,1121,2003,2003.0
6,0,1279,473,641,10125,0.0,83,238,1977,276,1977,1980.0
6,445,865,398,617,7000,0.0,0,0,1950,0,1924,1924.0
6,0,848,420,662,4438,205.0,0,149,2004,186,2004,2004.0
5,564,720,240,312,3500,0.0,35,0,1950,408,1947,1948.0
7,0,1442,500,0,11851,0.0,34,0,1990,1424,1990,1990.0
5,0,1696,349,0,13673,0.0,30,0,1962,1140,1962,1962.0
4,0,1100,312,419,12493,0.0,0,355,1960,375,1960,1960.0
7,882,1180,454,1065,14364,128.0,55,60,1989,92,1988,1988.0
6,0,1092,504,787,8250,260.0,0,0,1964,305,1964,1964.0
5,0,864,0,468,5604,0.0,0,0,1950,396,1925,1980.0
6,0,1212,460,36,10420,0.0,22,100,2009,1176,2009,2009.0
7,920,932,644,822,8640,0.0,108,168,2009,78,2009,2009.0
5,0,990,576,716,13568,0.0,0,224,1995,274,1995,1996.0
6,703,689,299,378,10900,153.0,36,0,1977,311,1977,1977.0
5,0,1236,447,360,10011,64.0,0,0,1996,710,1957,1957.0
7,0,1436,484,946,8450,266.0,98,139,2004,490,2004,2004.0
4,518,810,210,0,9906,0.0,172,0,1950,686,1925,1940.0
7,817,1137,431,341,15660,312.0,119,0,2006,457,1939,1939.0
7,0,1248,438,16,3010,16.0,0,108,2006,1232,2005,2005.0
7,0,1498,675,0,8990,0.0,33,351,2006,1498,2006,2006.0
6,1257,1010,390,0,8068,0.0,46,120,2002,1010,2002,2002.0
6,741,811,434,550,11475,0.0,208,209,1975,163,1975,1975.0
4,0,864,576,524,10500,0.0,0,216,1971,160,1971,1989.0
10,0,2392,968,56,13472,922.0,105,248,2003,2336,2003,2003.0
5,672,630,280,0,1680,142.0,0,0,1971,630,1971,1991.0
7,1306,1214,721,565,9950,290.0,114,224,1995,638,1995,1995.0
6,504,483,280,321,1869,127.0,0,0,1970,162,1970,1987.0
5,0,912,336,842,8521,0.0,0,0,1967,70,1967,1974.0
7,0,1555,430,16,3182,16.0,20,143,2006,1357,2005,2005.0
6,0,1194,312,0,8760,220.0,0,0,1959,1194,1959,1959.0
8,1304,1490,810,689,15138,506.0,146,0,1996,773,1995,1995.0
6,504,483,288,0,1680,297.0,0,0,1972,483,1972,1972.0
5,0,894,308,182,10650,0.0,0,365,1976,0,1976,1976.0
6,1100,860,440,625,7851,0.0,48,288,2002,235,2002,2002.0
6,504,483,264,358,1680,604.0,0,0,1971,125,1971,1971.0
7,0,1414,494,24,8773,98.0,105,132,2004,1390,2004,2004.0
7,730,1014,457,402,9453,0.0,70,370,2003,594,1993,1993.0
8,0,1694,818,0,12030,254.0,228,168,2007,1694,2007,2007.0
6,689,798,220,94,8741,0.0,140,0,1950,641,1945,1949.0
8,0,1566,750,1078,9000,36.0,168,144,2008,488,2008,2008.0
5,0,866,0,329,3880,0.0,42,58,1997,357,1945,1980.0
5,551,889,352,0,5000,0.0,0,0,1950,540,1900,1940.0
6,591,626,288,0,10762,0.0,28,0,1980,626,1980,1980.0
7,888,1222,463,695,8880,0.0,130,0,2002,253,1994,1994.0
7,0,1872,604,929,10400,102.0,39,197,1988,916,1988,1988.0
6,1020,908,440,0,9142,0.0,60,0,1950,1020,1910,1910.0
6,0,1375,451,0,11310,0.0,30,0,1954,1367,1954,1954.0
7,828,840,500,0,11317,101.0,68,144,2003,840,2003,2003.0
6,700,1444,389,697,159000,472.0,98,0,2006,747,1958,1958.0
3,0,1306,0,0,5350,0.0,0,263,1966,728,1940,1980.0
8,0,1625,538,1573,4750,481.0,0,123,2007,0,2006,2006.0
6,842,798,520,0,8366,0.0,45,138,2004,798,2004,2004.0
6,0,1302,309,270,9350,108.0,0,333,1991,452,1964,1964.0
5,0,1314,294,922,8400,0.0,0,250,1957,392,1957,1957.0
7,1286,1005,429,0,8738,302.0,0,192,1999,975,1999,1999.0
6,864,864,673,503,8791,0.0,56,216,2003,361,2003,2003.0
7,0,1604,660,1334,8814,180.0,110,123,2006,270,2006,2006.0
7,829,963,564,361,12435,172.0,96,0,2001,602,2001,2001.0
5,0,882,308,0,12702,0.0,45,0,1956,0,1956,1956.0
6,0,1382,884,672,19296,399.0,0,0,1962,0,1962,1991.0
8,1092,1482,868,0,9588,270.0,148,0,2007,1482,2007,2007.0
6,0,1212,492,506,8471,46.0,12,292,1995,0,1977,1978.0
5,0,926,484,234,5500,0.0,0,0,2001,0,1929,1974.0
5,0,764,504,0,5232,0.0,0,0,2004,680,1925,1965.0
6,0,1422,576,588,12090,210.0,0,276,1981,606,1981,1981.0
6,709,802,413,714,11207,0.0,75,95,1997,88,1997,1997.0
5,720,1052,240,378,8400,0.0,24,262,1997,342,1939,1939.0
5,0,778,924,403,6900,0.0,25,0,1955,212,1940,1966.0
6,0,1113,504,751,7917,174.0,30,370,1976,392,1976,1987.0
8,844,1095,1053,0,10728,0.0,51,192,2006,1095,2006,2006.0
7,0,1363,439,226,39104,0.0,0,81,2005,96,1954,1954.0
8,1106,1164,671,524,11764,348.0,57,132,2007,628,1999,1999.0
6,0,1632,338,620,9600,183.0,0,289,1988,0,1958,1958.0
5,0,816,264,546,8314,0.0,0,168,1982,270,1982,1982.0
7,596,952,672,0,7264,0.0,0,74,2007,952,1925,1978.0
7,0,1560,573,0,9196,0.0,150,100,2003,1560,2003,2003.0
4,0,864,400,120,19138,0.0,0,0,1951,744,1951,1951.0
9,0,2121,732,0,14450,315.0,98,124,2007,2121,2006,2007.0
7,866,1156,505,392,10005,299.0,117,288,1977,768,1977,1977.0
7,807,1175,575,421,11287,340.0,84,0,1989,386,1989,1989.0
6,0,1262,572,905,7200,68.0,120,0,2006,357,2006,2006.0
7,0,1314,626,904,5063,166.0,62,172,2008,410,2007,2008.0
8,0,1468,898,0,9612,72.0,150,210,2009,1468,2008,2008.0
6,0,1575,529,430,8012,0.0,0,0,1992,1145,1992,1992.0
7,625,625,528,0,4251,0.0,54,0,2007,625,2006,2006.0
6,649,1085,440,600,9786,0.0,0,0,1981,312,1962,1962.0
4,0,858,0,614,8125,0.0,0,0,1971,244,1971,1980.0
5,0,900,280,450,9819,31.0,0,0,1967,432,1967,1970.0
6,698,698,384,0,8730,0.0,0,0,2003,698,1915,2003.0
8,840,1079,685,0,15611,0.0,51,0,2006,1079,2006,2006.0
5,780,936,0,210,5687,0.0,184,0,2000,570,1912,1980.0
5,568,1148,281,292,11409,0.0,0,0,2008,476,1949,1949.0
7,795,1468,539,795,16659,34.0,250,0,1994,0,1977,1977.0
6,0,1644,418,1285,9600,238.0,0,110,1953,131,1953,1953.0
6,0,1003,588,819,7937,0.0,0,120,1984,184,1984,1984.0
5,648,910,282,420,13710,0.0,0,289,1950,490,1950,1950.0
7,975,975,576,649,7399,1600.0,10,0,1998,326,1997,1997.0
6,702,1041,539,384,11700,365.0,0,224,1968,143,1968,1968.0
6,0,1152,300,0,14000,0.0,36,0,2004,1092,1950,1950.0
5,0,1336,375,841,15750,56.0,0,0,1953,324,1953,1953.0
8,1242,1210,683,281,16226,0.0,50,208,1999,747,1998,1998.0
7,0,1541,843,0,13704,150.0,81,468,2002,1541,2001,2001.0
5,0,894,552,894,9800,0.0,0,256,1972,0,1972,1975.0
7,1818,1675,870,0,18386,0.0,0,302,2002,1470,1880,2003.0
8,0,2000,888,1464,10386,246.0,0,168,2005,536,2004,2004.0
7,1121,1122,746,700,13474,246.0,44,127,1991,0,1990,1990.0
6,371,1035,0,0,7920,0.0,144,0,1950,319,1920,1980.0
4,0,861,539,262,12342,0.0,0,158,1950,599,1940,1961.0
9,0,1944,708,1274,12378,0.0,175,208,2004,622,2003,2003.0
6,804,697,420,518,7685,112.0,63,190,1994,179,1993,1993.0
6,0,972,240,680,8000,0.0,0,0,2002,292,1948,1948.0
5,325,793,410,507,7800,0.0,0,0,1950,286,1939,1939.0
7,0,2036,513,1236,215245,0.0,0,0,1965,80,1965,1965.0
7,809,832,546,16,9600,0.0,0,0,1990,712,1925,1925.0
7,716,716,432,425,7795,0.0,51,100,2005,291,2004,2004.0
7,1200,1153,484,692,13005,278.0,195,288,1980,153,1980,1983.0
8,871,1088,1025,0,9000,0.0,46,208,2006,1088,2006,2006.0
7,1274,1372,656,987,9900,256.0,60,340,1993,360,1993,1993.0
7,0,1472,588,1036,14115,225.0,48,233,1980,336,1980,1980.0
9,1347,1249,840,0,16259,370.0,154,240,2006,1249,2006,2006.0
8,1332,1136,872,970,12099,388.0,154,184,2004,166,2004,2004.0
7,1177,1553,576,28,10380,172.0,96,201,1987,0,1986,1987.0
3,0,1163,220,256,5820,0.0,98,142,2005,906,1955,1955.0
7,1080,1898,564,0,11275,300.0,0,240,2007,710,1967,1961.0
5,0,803,360,116,5000,0.0,0,0,1950,604,1941,1941.0
8,0,1719,473,1619,10846,0.0,30,122,1993,100,1993,1993.0
6,0,1383,292,565,11600,175.0,45,0,1960,818,1960,1960.0
6,689,1445,441,0,11888,0.0,60,0,1994,844,1916,1930.0
5,596,596,189,0,6402,0.0,0,0,1950,596,1920,1920.0
5,0,1728,352,40,10624,84.0,0,155,1964,1424,1964,2002.0
5,0,1056,308,846,8176,0.0,0,0,1992,210,1958,1958.0
8,0,1629,880,1124,10655,296.0,0,0,2004,1603,2003,2003.0
7,0,1358,484,720,8198,146.0,30,192,2004,638,2004,2004.0
6,695,943,472,828,9042,0.0,38,100,1998,115,1998,1998.0
5,167,1619,529,1249,164660,0.0,0,670,1965,103,1965,1965.0
9,0,1922,676,1249,14157,200.0,51,178,2006,673,2005,2005.0
7,0,1536,532,810,9135,113.0,74,192,2003,726,2002,2002.0
7,0,1621,440,213,14145,0.0,45,108,1998,995,1984,1984.0
6,0,1215,297,585,12400,176.0,0,0,1998,630,1958,1958.0
8,915,993,431,0,14191,0.0,0,135,2002,967,2002,2002.0
4,0,841,294,0,8400,0.0,0,250,1950,721,1950,1950.0
3,0,1040,400,0,8544,340.0,0,0,1950,0,1949,1949.0
9,0,1684,564,28,8849,616.0,72,495,2005,1656,2005,2005.0
5,576,536,336,129,2592,0.0,0,182,1976,175,1976,1976.0
6,605,972,312,0,6435,0.0,0,0,1950,972,1939,1939.0
6,0,958,301,498,12772,0.0,0,0,1998,460,1960,1960.0
6,0,1478,498,1270,17600,30.0,40,0,1960,208,1960,1960.0
7,862,764,474,573,2448,106.0,27,0,2004,191,2003,2003.0
9,880,1848,706,1410,20431,870.0,0,0,2006,438,2005,2006.0
9,0,1869,617,0,7820,362.0,54,210,2007,1869,2007,2007.0
7,0,1453,445,1082,5271,0.0,80,0,1986,371,1986,1986.0
5,495,616,200,236,9084,0.0,0,48,1950,0,1941,1941.0
6,0,720,484,0,8520,0.0,0,106,2003,624,1928,2005.0
6,403,1192,240,388,8400,0.0,0,0,2000,552,1940,1940.0
6,0,1200,521,334,11249,0.0,26,0,1995,322,1995,1995.0
6,0,1167,400,560,9248,106.0,26,120,1992,598,1992,1992.0
5,0,1142,528,874,4224,0.0,90,536,1976,268,1976,1976.0
5,0,1352,288,300,6930,120.0,0,168,1958,468,1958,1958.0
8,838,1086,592,956,12011,530.0,75,208,1998,130,1998,1998.0
6,0,912,470,773,7540,0.0,0,0,1978,115,1978,1978.0
5,517,988,240,399,9144,0.0,0,0,1982,484,1940,1940.0
7,1427,495,672,0,7301,500.0,0,0,2003,0,2003,2003.0
6,504,483,264,162,1680,510.0,0,250,2007,321,1972,1972.0
6,784,790,566,712,18800,120.0,111,306,1976,84,1976,1976.0
5,672,672,468,456,10690,0.0,128,0,1997,216,1920,1964.0
6,0,1394,514,609,9500,247.0,76,0,1963,785,1963,1963.0
6,0,1431,296,371,9150,305.0,110,64,1962,728,1962,1962.0
5,0,1268,244,540,7800,200.0,98,0,1954,728,1954,1954.0
5,0,1287,576,72,9830,0.0,17,364,2006,733,1959,1997.0
6,711,953,460,0,8121,0.0,40,100,2000,953,2000,2000.0
4,468,1120,680,0,17120,0.0,59,0,1959,0,1959,1991.0
6,0,752,264,623,7175,0.0,0,353,1984,0,1984,1984.0
5,0,1319,270,428,10634,0.0,0,66,1953,0,1953,1953.0
7,1081,847,434,0,8200,0.0,48,100,2004,847,2003,2003.0
1,0,904,0,350,10020,0.0,0,0,1950,333,1922,1980.0
5,0,914,576,298,8846,0.0,0,0,1996,572,1996,1998.0
8,886,1580,610,0,11143,0.0,214,159,2005,1580,2004,2004.0
9,0,1856,834,1445,11394,350.0,0,113,2010,411,2010,2010.0
6,793,1007,463,0,8123,16.0,63,100,2000,982,2000,2000.0
5,665,1026,308,218,5000,0.0,0,0,1950,808,1924,1924.0
7,0,1301,572,0,7200,0.0,121,216,2006,1293,2006,2006.0
7,858,939,639,0,9245,0.0,53,144,2006,939,2006,2006.0
6,0,784,360,0,9000,0.0,0,0,1950,784,1928,1950.0
6,874,1079,501,985,53107,0.0,231,216,1992,595,1992,1992.0
8,0,1269,430,24,3182,16.0,20,146,2005,1232,2004,2004.0
5,526,658,0,0,8410,0.0,151,0,1996,658,1910,1980.0
6,0,1125,352,631,7200,255.0,0,296,1976,410,1976,1977.0
7,0,1479,577,0,9382,125.0,25,120,2000,1468,1999,1999.0
10,590,1742,846,1280,12474,272.0,134,196,2008,402,2007,2008.0
5,406,961,384,241,8405,0.0,130,0,1950,229,1900,1978.0
6,1157,804,560,690,12209,0.0,192,125,2002,114,2001,2001.0
5,0,882,294,0,8339,0.0,0,0,1959,0,1959,1959.0
4,0,788,0,266,7446,0.0,0,0,1950,522,1941,1980.0
5,299,735,240,0,10134,0.0,39,0,1950,735,1940,1940.0
5,0,1144,596,739,9571,0.0,0,44,1956,405,1956,1956.0
5,0,894,600,777,7200,0.0,0,215,1972,117,1972,1985.0
5,936,876,264,540,7590,288.0,168,0,1962,324,1962,1962.0
5,0,1077,338,0,8967,0.0,0,0,1950,961,1920,1920.0
7,438,1112,438,812,8125,100.0,168,0,2007,280,2006,2007.0
8,0,1288,500,786,14963,0.0,30,120,1996,474,1996,1996.0
7,0,1310,400,24,8767,0.0,0,0,2005,1286,2005,2005.0
5,0,672,240,0,10200,0.0,0,168,1997,672,1940,1940.0
8,1098,1165,420,0,12090,650.0,123,144,1998,1141,1998,1998.0
6,766,806,373,0,10364,0.0,40,0,1996,806,1995,1995.0
4,0,1620,490,1116,9991,0.0,78,120,1993,165,1976,1993.0
6,0,1166,240,0,10480,0.0,0,0,1950,1064,1936,1936.0
6,840,840,308,0,15576,0.0,0,0,1976,840,1915,1960.0
7,1101,1071,947,0,14154,350.0,62,192,2006,1063,2006,2006.0
8,1028,1050,836,789,10800,100.0,102,0,2008,245,2007,2008.0
5,0,1276,350,0,9571,0.0,0,0,1958,1276,1958,1958.0
5,0,1056,572,1056,34650,0.0,0,264,1955,0,1955,1955.0
7,0,1478,484,578,4403,432.0,144,0,2009,892,2009,2009.0
5,0,1028,360,0,8960,0.0,0,0,1950,1008,1927,1927.0
7,1017,1080,678,50,11228,0.0,187,196,1993,499,1993,1993.0
7,0,1340,396,24,8899,0.0,30,100,2007,1316,2007,2007.0
6,728,672,440,209,7844,203.0,0,0,1978,463,1978,1978.0
6,1254,1370,864,1128,22420,0.0,0,0,1950,242,1918,1918.0
5,378,756,240,312,8160,0.0,0,0,1950,444,1940,1940.0
5,0,1056,304,775,8450,0.0,85,0,1968,281,1968,1968.0
7,0,1344,784,1309,7060,200.0,0,0,1998,35,1997,1997.0
6,0,1602,529,1246,16635,126.0,0,240,2000,356,1977,1977.0
5,0,988,520,0,21750,0.0,0,0,1954,988,1954,1954.0
8,1160,1470,696,986,9200,473.0,66,0,1998,484,1998,1998.0
6,0,1196,297,616,9000,74.0,44,0,1956,580,1956,1956.0
7,682,707,240,0,3378,0.0,0,0,1992,651,1946,1947.0
7,0,1644,569,1518,12800,145.0,0,80,1989,0,1989,1989.0
4,0,907,352,288,8593,0.0,0,0,1957,619,1957,1964.0
7,0,1208,628,664,6762,108.0,54,105,2007,544,2007,2007.0
6,0,1412,576,1005,11457,0.0,0,0,1988,387,1988,1988.0
6,504,483,264,387,1680,232.0,0,0,1971,96,1971,1971.0
6,110,1088,0,0,5586,0.0,98,0,1998,901,1920,1980.0
5,600,765,440,471,1920,376.0,36,240,1971,294,1971,1971.0
6,678,926,470,0,10839,0.0,36,0,1998,926,1997,1997.0
4,0,630,0,495,1890,0.0,0,88,1972,135,1972,1980.0
7,834,827,550,385,10667,0.0,61,158,1996,70,1996,1996.0
6,384,734,440,0,4400,0.0,0,0,1950,648,1920,1990.0
6,0,904,180,0,6000,0.0,0,0,2004,884,1926,1926.0
5,0,694,352,365,4280,0.0,0,0,2002,75,1913,1990.0
6,512,684,528,0,12354,0.0,46,0,2000,684,1920,2005.0
10,0,2402,672,1767,15431,200.0,72,0,2008,788,2008,2008.0
4,0,1440,0,133,12108,270.0,0,0,1955,1307,1955,1980.0
5,445,1128,360,0,6240,0.0,0,0,1992,1078,1930,1930.0
7,0,1258,648,0,3922,72.0,16,144,2007,1258,2006,2007.0
7,975,933,493,642,8750,0.0,133,144,1995,273,1994,1994.0
6,0,1689,480,0,9855,0.0,0,0,1956,1436,1956,1956.0
6,0,1888,578,247,16492,0.0,0,0,2002,557,1966,1966.0
7,930,956,431,0,11214,0.0,0,89,1999,930,1998,1998.0
6,596,780,198,0,8600,0.0,0,0,1950,780,1937,1937.0
3,504,679,308,331,6000,0.0,176,0,2002,318,1948,1981.0
6,0,813,270,0,5684,0.0,113,0,2005,813,1930,1932.0
7,0,1533,576,655,70761,0.0,54,200,1975,878,1975,1975.0
6,868,888,422,742,9303,42.0,122,144,1997,130,1996,1996.0
8,804,786,676,0,9000,0.0,30,0,2008,768,2008,2008.0
5,0,1728,560,1606,9297,0.0,0,0,1976,122,1976,1976.0
7,0,1242,528,916,9600,320.0,0,0,1973,326,1973,1973.0
5,720,624,513,0,4571,0.0,0,0,1950,624,1916,1916.0
4,0,1663,529,1116,53227,0.0,137,224,1994,248,1954,1954.0
8,833,833,228,0,5100,0.0,63,192,1996,588,1925,1925.0
5,224,979,352,185,7015,161.0,0,0,1950,524,1950,1950.0
8,1103,832,552,544,8004,110.0,150,0,2009,288,2009,2009.0
7,560,575,576,350,7200,0.0,0,256,2007,0,1936,1971.0
5,0,864,360,553,8281,0.0,0,0,1965,0,1965,1965.0
6,811,849,240,326,11988,0.0,0,0,1995,389,1934,1939.0
5,0,1040,0,616,8430,136.0,0,0,1978,424,1978,1980.0
7,0,1414,398,0,3072,18.0,20,144,2004,1375,2004,2004.0
7,0,1277,526,778,10628,0.0,0,0,1970,499,1970,1970.0
5,756,888,312,386,9480,224.0,0,168,1995,342,1942,1942.0
8,0,1634,866,0,11428,248.0,44,0,2006,1626,2006,2006.0
6,878,832,506,426,9291,120.0,70,144,1993,406,1993,1993.0
8,0,1502,528,368,6820,0.0,54,0,1985,0,1985,1985.0
7,808,1161,534,0,11952,0.0,0,0,1977,808,1977,1977.0
6,0,1072,525,459,3675,80.0,28,0,2005,88,2005,2005.0
8,0,1976,908,1350,14977,304.0,63,250,2007,626,2006,2006.0
8,0,1652,499,1196,5330,0.0,48,96,2000,298,2000,2000.0
5,0,970,624,630,8480,0.0,24,0,1963,340,1963,1996.0
6,0,1493,508,994,13125,215.0,39,140,1998,484,1997,1997.0
9,574,2069,694,0,13693,772.0,84,414,2006,2153,2006,2006.0
8,0,1718,826,1288,10637,336.0,44,208,2008,417,2007,2007.0
4,0,1131,672,168,5925,435.0,72,0,2000,739,1937,1995.0
9,0,1850,772,1261,16033,378.0,112,519,2005,572,2004,2004.0
9,0,1792,874,1567,11846,562.0,49,206,2004,225,2003,2003.0
7,910,916,164,299,2500,0.0,0,0,2005,611,1915,1915.0
6,0,1216,402,897,4500,116.0,125,0,1998,319,1998,1998.0
5,0,999,264,588,7758,0.0,132,0,2001,411,1962,1963.0
5,0,1113,264,607,9600,0.0,80,0,2007,506,1950,1950.0
5,0,1073,515,836,10289,168.0,0,0,1965,237,1965,1965.0
5,0,1484,487,998,12243,0.0,0,224,1971,486,1971,1971.0
5,648,1766,520,664,10800,0.0,0,142,1970,290,1900,1970.0
4,0,630,286,515,1526,0.0,0,0,2002,115,1970,1970.0
5,688,616,336,0,2665,0.0,24,141,1976,264,1976,1976.0
6,620,958,240,403,9490,0.0,0,0,1950,238,1941,1941.0
6,728,728,429,0,15578,0.0,0,0,2006,728,2006,2006.0
5,0,1269,308,374,7931,0.0,0,0,1960,363,1960,1964.0
5,0,886,273,0,5784,0.0,20,144,1996,190,1938,1938.0
4,0,720,0,495,7879,0.0,523,0,1950,225,1920,1980.0
8,0,3228,546,1231,12692,0.0,75,264,1993,1969,1992,1992.0
7,687,1133,240,329,9120,0.0,100,0,1950,697,1925,1925.0
5,0,899,288,450,7800,89.0,0,64,2004,414,1967,1967.0
5,0,912,297,111,7535,0.0,285,12,1985,522,1958,1958.0
6,546,672,264,356,1890,285.0,28,144,1973,316,1973,1973.0
7,902,866,603,400,9803,0.0,108,0,2005,466,2005,2005.0
5,0,1214,461,698,9170,0.0,0,0,1965,420,1965,1965.0
7,0,1801,484,1247,15602,0.0,54,0,1997,254,1959,1959.0
6,467,855,440,257,2308,0.0,0,260,1974,103,1974,1974.0
5,1000,960,400,0,7596,360.0,0,0,1952,960,1952,1952.0
8,846,1065,471,380,9554,125.0,81,182,1994,397,1993,1993.0
6,0,1218,676,27,7862,0.0,102,0,2009,1191,2009,2009.0
7,689,689,360,141,9600,0.0,0,0,2005,548,1928,1928.0
5,0,1041,270,991,9600,132.0,88,224,1959,50,1959,1959.0
5,0,1363,288,650,14559,70.0,42,324,2000,178,1951,1951.0
7,0,1368,474,0,6792,94.0,35,132,2006,1368,2005,2005.0
5,0,864,624,521,9100,0.0,0,0,1958,169,1958,1964.0
6,0,1080,484,336,9187,0.0,0,120,1983,748,1983,1983.0
5,0,789,200,0,10594,0.0,0,0,1950,768,1926,1926.0
10,0,2020,900,1436,12220,305.0,54,156,2009,570,2009,2009.0
6,741,1378,583,0,10448,333.0,104,0,1972,689,1972,1972.0
7,1067,1277,889,0,10208,921.0,0,220,1997,1264,1996,1996.0
6,914,882,546,706,9531,0.0,36,0,1998,88,1998,1998.0
7,804,1276,282,0,10918,0.0,0,0,2004,1276,1926,1926.0
4,600,694,0,0,10800,0.0,114,220,2000,0,1900,1980.0
6,0,1244,336,777,11988,0.0,40,0,1957,467,1957,1957.0
6,660,1004,420,399,5000,0.0,24,0,1950,605,1947,1950.0
10,1538,3138,884,2260,40094,762.0,406,208,2008,878,2007,2007.0
7,1015,1383,834,719,11787,594.0,60,239,1997,660,1996,1996.0
7,0,1266,453,0,7500,0.0,144,38,2005,1257,2005,2005.0
5,0,928,252,377,13300,0.0,0,261,2000,551,1956,1956.0
9,1237,1476,858,1330,14948,268.0,66,126,2008,122,2008,2008.0
4,0,605,0,348,9098,0.0,0,0,2002,180,1920,1980.0
6,0,2515,484,1219,32668,0.0,0,0,1975,816,1957,1975.0
6,0,1509,600,783,10200,219.0,0,224,1989,678,1988,1988.0
6,611,751,502,0,6155,0.0,0,0,1999,611,1920,1920.0
5,0,827,392,0,7200,0.0,0,0,2007,0,1955,1967.0
1,0,334,0,0,5000,0.0,0,0,1950,0,1946,1980.0
8,707,707,403,0,9056,0.0,35,100,2004,707,2004,2004.0
5,527,820,0,969,7000,0.0,0,85,1991,148,1910,1980.0
7,844,880,527,0,8924,0.0,155,120,1999,880,1998,1998.0
4,0,864,576,600,12735,0.0,0,216,1972,264,1972,1980.0
5,0,1159,336,673,11553,188.0,0,466,1968,378,1968,1968.0
8,0,1601,670,1358,11423,479.0,0,180,2002,223,2001,2001.0
9,0,1838,765,1260,14601,584.0,68,270,2006,578,2006,2006.0
8,1288,997,648,0,11000,72.0,56,0,2000,969,2000,2000.0
7,0,1680,583,144,10140,0.0,73,78,1999,379,1998,1998.0
7,0,767,367,584,4058,182.0,40,120,1998,0,1998,1998.0
7,832,664,426,554,17104,0.0,24,100,2006,100,2006,2006.0
7,806,1377,786,1002,13837,178.0,0,0,1988,0,1988,1988.0
6,720,915,440,300,8737,0.0,38,0,1950,765,1923,1950.0
5,0,768,624,619,7244,0.0,0,104,1970,149,1970,1987.0
5,0,825,720,180,8235,0.0,50,140,1995,0,1955,1963.0
7,1182,912,615,0,9375,0.0,182,182,2004,912,2003,2003.0
6,0,1069,440,559,4043,0.0,55,0,1977,510,1977,1977.0
5,0,928,288,308,6000,0.0,0,0,1957,620,1957,1957.0
8,0,1717,908,0,11146,250.0,39,169,2006,1709,2006,2006.0
4,0,1126,520,0,8777,0.0,96,0,2003,0,1949,2002.0
7,1040,1006,871,866,10625,292.0,62,320,2004,132,2003,2003.0
5,0,1048,280,0,6380,0.0,0,0,1950,993,1922,1922.0
5,0,1092,299,895,14850,0.0,0,268,1957,197,1957,1957.0
4,439,897,570,637,11040,0.0,47,0,1950,0,1920,1994.0
7,717,729,406,604,21872,0.0,22,264,1997,125,1996,1996.0
7,0,1557,420,0,3196,18.0,20,143,2004,1374,2003,2003.0
5,0,1392,528,1302,11341,180.0,0,0,1996,90,1957,1957.0
5,0,1389,418,1071,10010,0.0,38,240,1975,195,1974,1975.0
5,0,996,0,290,13907,0.0,0,144,1969,706,1940,1980.0
6,511,1163,396,0,21780,0.0,36,72,1950,1163,1918,1955.0
7,1129,1166,590,728,13346,0.0,40,0,2000,367,1992,1992.0
6,806,841,216,0,6858,0.0,66,0,1950,806,1915,1920.0
9,1370,1134,656,0,11198,245.0,39,144,2007,1122,2005,2005.0
7,0,1535,532,2,10171,168.0,0,0,2004,1515,2004,2004.0
8,636,1496,612,1441,12327,0.0,40,349,2009,55,1983,1983.0
5,0,943,600,943,7032,0.0,0,42,1979,0,1979,1979.0
5,0,1728,576,231,13101,108.0,0,0,1965,1497,1965,1987.0
6,0,864,288,414,7332,207.0,0,168,1959,450,1959,1959.0
7,846,846,650,0,13159,0.0,114,208,2009,846,2009,2009.0
7,656,774,400,0,9967,0.0,0,100,2000,384,2000,2000.0
5,533,576,288,349,10500,82.0,0,35,2005,23,1971,1971.0
5,384,832,336,442,8480,0.0,0,158,1950,390,1947,1947.0
7,600,877,216,0,6292,0.0,50,0,1950,861,1928,1928.0
5,0,1320,564,328,11777,97.0,68,160,1966,285,1966,1966.0
7,689,703,540,0,3604,0.0,102,0,2007,689,2007,2007.0
5,745,1050,352,0,12150,335.0,0,0,1954,1050,1954,1954.0
6,0,1429,572,594,14585,85.0,110,216,1987,331,1960,1960.0
8,0,2042,1390,0,12704,306.0,90,0,2009,2042,2008,2009.0
6,0,816,0,816,11841,104.0,32,0,1990,0,1990,1980.0
10,1254,1521,880,0,13500,0.0,502,105,2000,1237,1893,1988.0
4,584,989,240,0,6120,0.0,0,0,1995,884,1935,1935.0
8,0,2028,880,1460,11443,208.0,66,326,2006,408,2005,2005.0
6,0,838,275,210,10267,0.0,0,0,2000,0,1918,1961.0
5,0,860,528,672,8740,0.0,0,0,1982,168,1982,1996.0
5,0,1473,452,1324,25095,0.0,48,0,2003,113,1968,1968.0
5,0,779,308,0,9100,0.0,0,0,1960,742,1930,1988.0
7,812,770,520,490,8320,0.0,45,0,2004,280,2004,2004.0
10,568,1728,842,1338,13478,420.0,274,382,2008,384,2008,2008.0
5,0,816,816,816,6600,0.0,0,0,2003,0,1982,1985.0
6,0,848,420,685,4435,170.0,0,140,2003,163,2003,2003.0
5,0,924,280,0,7990,0.0,0,0,1975,924,1975,1981.0
8,0,1826,758,1422,11302,238.0,75,180,2006,392,2005,2005.0
6,684,684,216,0,3600,0.0,158,0,1993,684,1910,1930.0
7,0,1402,648,0,3922,72.0,16,120,2007,1258,2006,2006.0
5,0,1647,621,1283,12984,459.0,0,0,1977,0,1977,1977.0
6,840,716,452,81,1950,0.0,0,161,1980,23,1980,1980.0
8,846,1058,736,546,10927,280.0,60,179,2005,512,2005,2003.0
6,595,780,544,0,9000,0.0,162,0,1950,780,1937,1979.0
8,988,927,506,789,10041,0.0,150,120,1992,119,1992,1992.0
7,600,600,480,0,3182,0.0,172,0,2005,600,2004,2004.0
7,0,1494,530,922,12803,99.0,36,192,2002,572,2002,2002.0
7,800,1186,486,454,13600,176.0,42,0,1990,314,1965,1965.0
5,0,1040,576,732,12464,0.0,0,168,1996,308,1996,2000.0
5,896,1112,230,603,7800,0.0,0,103,2002,293,1948,1948.0
8,1254,1940,380,428,12168,0.0,0,0,1998,537,1934,1934.0
4,0,1029,261,903,7943,192.0,0,64,1961,126,1961,1961.0
9,677,1476,736,904,11050,204.0,142,253,2000,536,2000,2000.0
6,0,1032,564,605,10395,233.0,0,0,1978,427,1978,1978.0
8,573,1299,531,990,11885,108.0,122,160,2001,309,2001,2001.0
5,0,1120,0,206,8402,0.0,30,0,2007,914,2007,1980.0
4,0,630,0,150,1491,0.0,24,96,1972,0,1972,1980.0
6,0,1054,480,763,8800,156.0,0,120,1963,173,1963,1963.0
6,702,807,393,457,7861,0.0,75,100,2003,326,2002,2002.0
6,0,832,528,0,7227,0.0,0,0,1954,832,1954,1962.0
9,0,1828,774,48,11694,452.0,108,0,2007,1774,2007,2007.0
8,780,1482,749,871,12244,226.0,0,168,2003,611,2003,2003.0
3,0,864,0,41,8248,0.0,0,0,1950,823,1914,1980.0
6,1066,1548,624,956,10800,0.0,243,38,1997,384,1974,1974.0
5,0,980,484,560,7064,153.0,0,192,1977,420,1977,1986.0
6,756,756,440,420,2117,513.0,32,0,2000,336,2000,2000.0
6,778,1012,484,247,10400,288.0,0,148,1972,485,1972,1972.0
6,0,1116,440,0,10000,261.0,0,0,1962,1116,1962,1962.0
5,0,1422,286,0,12342,0.0,0,0,1978,978,1960,1960.0
6,0,1520,364,674,9600,164.0,0,0,1972,350,1955,1955.0
5,1040,1040,504,650,11606,192.0,0,335,1969,390,1969,1969.0
6,0,1350,520,624,9020,259.0,0,176,1964,288,1964,1964.0
5,661,1089,240,0,9000,0.0,0,0,1991,636,1880,1937.0
8,0,1554,627,24,4590,108.0,73,156,2006,1530,2006,2006.0
7,0,1411,544,822,11900,209.0,0,192,1977,564,1977,1977.0
5,0,1056,260,480,9250,0.0,0,390,2005,108,1954,1954.0
6,0,1056,576,1056,6979,0.0,56,264,1980,0,1980,1980.0
6,1440,1440,0,256,10896,0.0,110,0,1995,1184,1914,1980.0
2,0,800,0,0,6120,0.0,0,0,1950,264,1936,1980.0
5,576,811,256,0,6000,0.0,0,0,1954,811,1954,1954.0
5,0,796,0,0,8777,0.0,0,328,1950,796,1910,1980.0
8,0,1567,648,1154,3982,0.0,0,312,2006,366,2006,2006.0
8,0,1518,588,1218,12677,472.0,140,185,2004,300,2003,2003.0
7,872,1057,650,738,7050,0.0,235,0,2001,319,2001,2001.0
8,704,2000,538,1410,13860,0.0,111,269,1995,542,1972,1972.0
5,840,780,462,493,10793,263.0,0,208,1969,0,1969,1969.0
9,0,1766,478,1121,9187,162.0,130,195,2009,645,2009,2009.0
6,0,981,576,282,10530,0.0,312,0,1971,664,1971,1979.0
5,0,1048,420,0,7200,0.0,27,0,1950,0,1950,1950.0
6,0,1094,495,500,10452,216.0,0,0,1953,594,1953,1953.0
6,788,1051,442,0,7700,351.0,124,0,1966,756,1966,1966.0
4,0,630,0,131,1936,0.0,0,0,1970,0,1970,1980.0
7,843,822,562,0,8125,0.0,0,0,2007,813,2007,2007.0
4,755,755,296,0,9084,0.0,0,120,1950,755,1940,1940.0
7,807,909,512,0,8750,0.0,120,0,1996,880,1996,1996.0
6,713,756,216,0,10320,0.0,0,57,1995,756,1906,1906.0
8,0,2113,839,1696,10437,660.0,46,236,1995,413,1995,1995.0
6,567,525,264,0,1680,381.0,0,0,1971,525,1971,1971.0
5,0,1053,312,806,10007,54.0,0,0,2006,247,1959,1959.0
7,651,851,270,0,7200,0.0,0,0,2000,776,1931,1931.0
6,546,912,330,0,17503,0.0,0,192,1950,912,1948,1948.0
5,0,1486,480,637,9937,0.0,0,0,1999,849,1964,1968.0
7,793,1142,550,0,12384,233.0,113,0,1976,793,1976,1976.0
8,762,1686,711,1361,46589,528.0,76,517,2005,88,1994,1994.0
6,0,1392,576,0,13560,216.0,0,0,1968,1392,1968,1968.0
4,0,1181,588,920,10012,0.0,0,0,1972,38,1972,1974.0
8,0,2097,1134,1721,20896,0.0,267,192,2006,356,2005,2005.0
8,482,1454,504,0,11194,40.0,124,188,2000,1406,2000,2000.0
6,915,1465,596,187,18450,113.0,265,0,1979,111,1965,1965.0
6,0,1679,575,1138,8125,258.0,42,224,1998,270,1994,1994.0
5,0,1437,576,988,14175,0.0,0,304,1987,200,1956,1999.0
4,0,1180,252,0,11600,0.0,0,0,1950,700,1922,1922.0
6,738,738,540,193,8633,0.0,35,100,2005,545,2005,2005.0
6,672,697,300,551,6629,0.0,0,147,1950,121,1925,1930.0
6,0,1208,546,767,11250,0.0,42,198,1977,441,1977,1977.0
6,0,1839,416,1186,14442,106.0,87,0,2004,291,1957,1957.0
6,0,1136,384,892,9200,0.0,0,426,1965,244,1965,1965.0
6,586,855,440,311,2289,0.0,0,28,1978,544,1978,1978.0
4,679,1095,779,0,9600,0.0,0,0,1950,1095,1900,1920.0
5,0,792,240,0,9022,0.0,0,316,2006,768,1924,1924.0
8,0,2046,834,0,11844,464.0,82,322,2008,2046,2008,2008.0
5,0,988,572,827,9945,57.0,0,0,1961,161,1961,1963.0
6,0,923,264,543,8012,0.0,0,80,1980,261,1980,1980.0
5,672,848,281,182,4500,0.0,0,0,2000,611,1932,1968.0
6,0,1291,431,1003,2887,0.0,0,307,1997,288,1996,1996.0
9,0,1668,702,1059,11248,215.0,45,257,2002,567,2002,2002.0
7,644,1195,486,0,16770,30.0,81,0,1998,1195,1998,1998.0
7,900,1190,577,828,5062,0.0,0,219,1984,180,1984,1984.0
7,887,874,578,0,10207,0.0,105,144,2007,874,2007,2007.0
7,551,551,480,239,5105,0.0,60,0,2004,312,2004,2004.0
8,0,1419,567,945,8089,0.0,0,140,2007,474,2007,2007.0
6,0,1362,460,20,7577,256.0,28,192,2006,1342,2005,2005.0
6,0,848,420,697,4426,147.0,0,149,2004,151,2004,2004.0
10,1872,2444,832,1455,21535,1170.0,50,382,1995,989,1994,1994.0
7,1281,1238,628,965,26178,293.0,27,320,1990,245,1989,1989.0
5,0,1073,326,0,5400,0.0,0,0,1968,1073,1921,1968.0
5,472,1067,576,0,6120,0.0,0,112,1950,927,1936,1995.0
6,0,1137,551,980,13811,72.0,0,125,1987,92,1987,1987.0
5,0,616,205,616,6000,0.0,0,0,1950,0,1921,1921.0
5,0,1148,308,210,6420,0.0,0,0,1952,219,1952,1952.0
5,0,894,336,553,8450,0.0,144,416,2009,224,1965,1973.0
7,0,1391,530,16,4282,0.0,158,156,2004,1375,2004,2004.0
8,0,1800,765,1274,14331,630.0,78,270,2002,526,2002,2002.0
7,0,1164,528,0,9600,168.0,0,0,1969,1164,1969,1969.0
8,1312,1264,666,0,12438,466.0,100,324,2006,1234,2006,2006.0
5,780,1032,672,0,7630,0.0,0,344,1996,360,1900,1999.0
7,0,1484,606,712,8400,109.0,35,0,2005,761,2004,2004.0
4,720,372,0,0,5600,0.0,0,0,1950,0,1930,1980.0
7,0,1824,739,1219,115149,351.0,48,380,2002,424,1971,1971.0
8,0,1324,550,863,6240,176.0,38,192,2006,461,2006,2006.0
7,728,728,400,0,9018,0.0,24,100,2007,728,2007,2007.0
5,0,904,408,0,7162,41.0,0,0,1966,876,1966,1966.0
3,0,729,0,0,4130,0.0,0,0,2003,270,1935,1980.0
4,319,859,384,0,8712,0.0,0,68,1950,859,1900,1964.0
8,0,1228,472,767,4671,0.0,120,168,1989,461,1988,1988.0
4,0,960,576,789,9873,160.0,288,0,1970,171,1970,1970.0
6,754,725,475,533,13517,289.0,44,0,2005,192,1976,1976.0
6,0,1350,478,0,10140,174.0,0,0,1974,1064,1974,1974.0
7,978,1576,704,0,10800,0.0,48,0,1998,718,1890,1996.0
5,0,1178,439,1084,10000,0.0,0,224,2000,92,1973,1973.0
7,1093,1325,983,1173,10542,651.0,154,250,1994,138,1993,1993.0
5,0,971,300,523,9920,0.0,0,0,1969,448,1969,1969.0
8,0,1742,564,1148,6563,0.0,28,114,1985,594,1985,1985.0
6,0,848,420,662,4426,169.0,0,160,2004,186,2004,2004.0
4,0,864,463,191,8120,0.0,0,0,1970,673,1970,1994.0
4,473,997,548,0,8172,0.0,0,0,1972,941,1954,1958.0
9,0,1698,768,1234,13286,340.0,64,327,2008,464,2007,2007.0
4,0,864,660,375,6960,0.0,0,96,1970,250,1970,1989.0
6,0,1680,540,808,21695,260.0,44,292,2007,72,1988,1988.0
7,0,1232,632,724,7314,82.0,0,132,2007,508,2007,2007.0
5,0,1776,888,0,11475,95.0,25,0,1958,1584,1958,1968.0
4,0,848,539,152,6240,0.0,23,0,1950,628,1925,1962.0
8,0,1616,608,1180,5389,0.0,152,237,1996,415,1995,1995.0
7,0,1146,438,786,9590,442.0,22,160,2003,82,2003,2003.0
7,878,1153,541,252,11404,202.0,84,192,1999,901,1998,1998.0
5,0,1144,264,594,10000,0.0,0,165,1983,270,1961,1961.0
5,0,948,300,0,8978,0.0,0,147,1968,948,1968,1968.0
7,888,880,320,390,10800,0.0,341,0,1970,490,1914,1914.0
3,0,1040,400,0,8544,0.0,0,0,1950,0,1950,1949.0
8,900,901,800,0,10463,0.0,116,0,2005,893,2005,2005.0
5,0,1200,0,1200,10800,0.0,0,120,1988,0,1987,1980.0
7,864,864,572,0,9313,0.0,56,187,2004,864,2004,2004.0
5,664,768,360,0,9600,0.0,0,270,2002,264,1910,1910.0
6,0,912,288,832,6768,0.0,0,168,1996,80,1961,1962.0
7,0,1349,539,0,8450,108.0,55,120,2001,1349,2000,2000.0
5,0,1464,480,444,12886,0.0,0,302,1999,76,1963,1997.0
8,0,1337,462,733,5395,0.0,0,96,1993,604,1993,1993.0
8,1540,1175,831,575,8963,289.0,204,0,1996,487,1976,1994.0
7,1276,980,554,300,8795,0.0,54,224,2000,652,2000,2000.0
7,1320,1320,864,0,11700,0.0,0,181,2003,1240,1880,1950.0
7,0,1720,527,919,10593,338.0,56,240,1996,801,1996,1996.0
4,441,1088,240,0,8405,0.0,0,92,1950,0,1945,1945.0
4,348,792,0,0,8800,0.0,160,0,2004,576,1910,1980.0
7,660,660,400,0,7750,0.0,48,0,2003,660,2003,2003.0
6,0,1494,576,1200,9236,0.0,27,168,1997,279,1997,1997.0
8,1060,1038,878,0,10240,178.0,52,192,2005,1030,2005,2005.0
6,0,1026,440,439,7930,0.0,48,171,2005,115,1969,1969.0
6,729,742,440,381,3230,894.0,24,0,1999,348,1999,1999.0
8,902,866,578,20,10769,0.0,105,144,2007,846,2007,2007.0
6,714,672,440,438,11616,328.0,0,335,1978,234,1978,1978.0
7,744,757,440,549,2280,360.0,0,0,1999,195,1999,1999.0
8,1203,1328,752,56,12257,513.0,98,222,1995,1198,1995,1995.0
6,0,864,300,612,9100,0.0,0,0,1959,252,1959,2008.0
5,0,1301,440,405,6911,0.0,0,0,1950,740,1924,1965.0
7,783,764,614,24,8640,0.0,45,169,2009,732,2009,2009.0
8,1097,1268,856,1163,9430,673.0,128,0,1999,89,1999,1999.0
8,0,1494,481,437,9549,0.0,30,0,1996,0,1995,1995.0
9,0,1506,592,0,14587,284.0,174,0,2008,1498,2008,2008.0
7,734,980,496,394,10421,42.0,66,228,1988,586,1988,1988.0
6,767,983,423,660,12508,0.0,0,245,1985,323,1940,1989.0
7,0,1836,484,24,9100,0.0,33,120,2005,1836,2004,2004.0
8,1589,1690,841,1416,53504,603.0,36,503,2003,234,2003,2003.0
5,0,858,576,685,7252,0.0,0,120,1982,173,1982,1983.0
4,0,1220,396,836,8877,0.0,0,0,1951,0,1951,1951.0
6,0,1117,672,422,7819,0.0,0,144,1976,480,1976,1976.0
5,0,912,275,456,10150,1.0,0,0,1958,456,1958,1958.0
8,0,1973,895,0,14226,375.0,45,315,2006,1935,2006,2006.0
6,0,1204,412,866,4500,320.0,247,0,1998,338,1998,1998.0
7,0,1614,865,20,11210,240.0,59,144,2006,1594,2005,2005.0
5,0,894,440,762,13350,0.0,0,241,1974,102,1974,1974.0
5,0,2020,630,0,8400,320.0,0,0,1977,0,1977,1977.0
6,0,1004,504,975,10530,90.0,0,0,1977,0,1977,1977.0
7,0,1253,402,0,7875,38.0,21,220,1996,1237,1995,1995.0
6,793,810,484,387,7153,0.0,124,0,1992,374,1992,1992.0
7,0,1430,605,0,16285,0.0,33,0,2002,1413,2001,2001.0
5,0,1110,602,1097,9101,104.0,30,303,1978,0,1978,1978.0
6,742,742,0,0,6300,0.0,291,0,2001,742,1914,1980.0
6,0,1342,457,251,9790,0.0,0,0,1967,491,1967,1967.0
5,686,966,416,686,10800,0.0,0,0,1950,0,1915,1961.0
7,1128,956,618,656,10142,0.0,45,0,2004,300,2004,2004.0
4,0,901,281,0,6000,0.0,0,0,2000,901,1954,1954.0
6,1111,976,444,568,12205,157.0,168,133,2007,264,1966,1966.0
7,0,1145,397,16,3182,11.0,16,100,2006,1129,2005,2005.0
6,0,1062,539,539,11333,0.0,0,120,1976,490,1976,1976.0
7,886,1127,455,862,9920,0.0,130,180,1997,255,1996,1997.0
8,0,1496,474,0,9158,140.0,130,168,2007,1496,2007,2007.0
7,809,1086,409,0,10832,0.0,46,143,1996,712,1994,1994.0
6,676,888,476,0,8400,130.0,50,0,1981,650,1980,1980.0
6,0,1285,528,0,8197,148.0,0,138,1977,660,1977,1977.0
5,0,773,240,570,7677,0.0,0,0,1953,203,1953,1953.0
9,1174,1966,820,0,13518,860.0,78,144,2009,1926,2008,2009.0
5,787,981,240,569,7200,252.0,0,0,1950,162,1937,1939.0
6,1072,616,603,462,12798,0.0,114,403,1997,154,1997,1997.0
4,0,1196,440,197,4800,0.0,0,0,1990,999,1916,1957.0
7,728,728,410,648,8199,0.0,18,36,2005,80,2005,2005.0
9,1088,1734,1020,0,13891,424.0,170,52,2009,1734,2008,2009.0
5,0,1128,286,812,9000,0.0,0,0,1954,124,1954,1954.0
7,0,1428,554,0,12274,256.0,60,0,2008,1417,2008,2008.0
5,0,980,384,400,9750,0.0,0,68,1967,100,1967,1967.0
5,504,1072,528,1309,21384,0.0,312,0,2004,15,1923,1923.0
5,0,1086,484,516,13400,1047.0,0,0,1966,380,1966,1966.0
5,1063,1075,360,0,8100,0.0,156,40,1965,849,1898,1910.0
6,0,1309,484,663,10140,99.0,0,265,1999,0,1974,1974.0
6,0,848,420,662,4438,169.0,0,140,2004,186,2004,2004.0
5,0,1044,504,0,8712,0.0,0,0,1952,540,1952,1952.0
6,0,1442,301,608,9750,243.0,0,0,1958,834,1958,1958.0
5,564,686,280,0,8248,0.0,0,207,1950,686,1918,1955.0
7,0,1661,598,0,12137,442.0,34,0,1998,1649,1998,1998.0
5,0,1008,275,486,11425,0.0,0,0,1954,522,1954,1954.0
8,0,1689,857,1218,13265,148.0,59,150,2002,350,2002,2002.0
6,0,1052,440,504,8816,80.0,0,0,1971,506,1971,1971.0
7,0,1358,484,733,6371,128.0,35,192,2010,625,2009,2010.0
7,842,798,595,0,7226,0.0,45,0,2003,798,2003,2003.0
4,0,936,576,0,6000,0.0,32,0,1953,936,1953,1974.0
7,886,847,433,0,12394,0.0,48,100,2003,847,2003,2003.0
6,545,944,240,0,9900,0.0,0,335,1950,778,1940,1940.0
8,0,1489,776,0,11216,0.0,140,0,2006,1489,2006,2006.0
10,0,2084,1220,1636,14803,816.0,45,188,2008,442,2007,2007.0
5,0,784,0,784,6130,0.0,0,0,1950,0,1924,1980.0
7,0,1434,527,20,8529,0.0,39,290,2001,1434,2001,2001.0
5,966,1160,538,249,28698,0.0,0,486,1967,0,1967,1967.0
7,623,520,480,0,2544,0.0,166,0,2005,600,2005,2005.0
6,0,1392,458,1040,11900,387.0,0,0,1957,352,1957,1957.0
7,600,520,480,0,3180,0.0,166,0,2005,600,2005,2005.0
7,888,941,613,483,9548,223.0,39,192,2003,458,2003,2003.0
6,0,1516,472,196,10004,180.0,0,0,1964,975,1964,1964.0
5,0,1144,456,572,7875,136.0,0,0,1961,572,1961,1961.0
4,0,1067,436,442,9600,0.0,0,290,1995,625,1950,1996.0
5,0,1559,812,338,8100,0.0,116,0,1973,1221,1948,1948.0
6,504,483,264,330,1680,158.0,0,0,1973,153,1973,1973.0
5,0,1099,352,0,9525,0.0,0,278,2006,1099,1995,1999.0
5,432,768,240,352,11767,0.0,0,0,1995,416,1946,1946.0
6,672,810,400,156,12155,0.0,0,0,1950,516,1925,1934.0
5,581,958,686,0,10440,0.0,78,70,2002,650,1904,1983.0
6,0,1165,490,312,9020,183.0,129,0,1966,276,1966,1966.0
5,0,1800,0,0,8000,0.0,0,0,1961,1800,1961,1980.0
5,540,876,720,0,12665,0.0,0,418,1950,876,1915,1949.0
5,0,1701,611,1390,16647,0.0,0,0,1981,0,1975,1975.0
7,769,1006,425,513,9317,137.0,72,234,1993,227,1993,1993.0
5,0,864,338,460,15523,0.0,0,0,1972,404,1972,1972.0
6,1051,1307,360,0,45600,0.0,40,486,1997,907,1908,1908.0
6,761,1094,512,0,9600,360.0,100,113,1994,528,1976,1976.0
6,0,848,420,659,4435,170.0,0,140,2003,189,2003,2003.0
8,0,1456,400,0,3196,40.0,20,143,2003,1273,2003,2003.0
7,728,918,240,364,7128,0.0,0,0,1950,554,1941,1941.0
6,0,1445,645,564,12095,115.0,0,180,1964,563,1964,1964.0
5,0,1779,454,306,17920,0.0,418,0,1974,372,1955,1955.0
5,0,1040,260,659,6897,0.0,104,0,2010,381,1962,1962.0
6,0,1026,576,505,10970,0.0,0,0,1978,0,1978,1981.0
6,779,702,343,0,8125,0.0,36,0,1995,702,1994,1994.0
7,0,1370,479,0,10400,189.0,0,0,1976,1090,1976,1976.0
6,1142,1512,619,619,11029,220.0,65,0,1984,435,1968,1968.0
7,514,912,216,0,7642,0.0,240,0,1998,912,1918,1925.0
5,0,1039,504,841,11625,0.0,0,0,1965,198,1965,1965.0
6,0,1097,480,338,9672,0.0,0,0,1985,702,1984,1986.0
5,0,1148,672,1148,7931,0.0,0,0,1959,0,1959,1959.0
7,0,1372,529,0,8640,0.0,140,0,2008,1372,2007,2008.0
5,0,1002,902,828,8750,76.0,0,0,1970,174,1970,1973.0
8,0,1646,870,0,10656,274.0,80,192,2007,1638,2006,2007.0
4,0,1120,544,932,6970,0.0,0,168,1961,108,1961,1961.0
5,720,1547,672,0,14762,0.0,144,120,1950,0,1948,1979.0
7,887,1062,574,750,9938,246.0,90,156,1994,300,1993,1993.0
5,0,894,308,0,6600,0.0,0,0,1962,894,1962,1962.0
6,878,804,523,505,8750,116.0,77,0,1998,299,1998,1998.0
5,0,910,414,0,8892,0.0,0,196,1996,105,1953,1953.0
5,0,1036,288,375,12144,0.0,28,0,1950,457,1949,1949.0
5,455,676,200,0,5720,0.0,0,26,1950,676,1941,1941.0
8,1426,1184,550,64,9000,0.0,364,208,2007,1120,2007,2007.0
4,0,1040,648,633,25286,0.0,0,0,1963,431,1963,1963.0
9,762,1462,738,1170,8834,216.0,0,184,2005,292,2004,2004.0
5,0,1155,576,899,11782,0.0,0,192,1995,210,1961,1987.0
5,0,864,336,646,7000,90.0,0,0,2005,218,1978,1978.0
5,0,1090,450,980,7024,0.0,49,0,2006,110,2005,2005.0
7,530,1187,400,902,13758,117.0,36,168,1991,254,1990,1990.0
6,785,808,389,0,9636,0.0,40,342,1993,808,1992,1993.0
4,795,954,440,0,6204,0.0,188,0,1950,795,1912,1997.0
5,0,892,288,432,7150,60.0,0,0,1967,460,1967,1967.0
9,0,1709,506,1238,5119,60.0,65,97,2000,460,1999,1999.0
5,0,1712,588,528,8393,122.0,54,272,2005,1098,1959,2005.0
5,521,872,300,0,16466,0.0,0,121,1955,816,1955,1955.0
8,0,2217,621,351,15865,0.0,207,81,1970,1043,1970,1970.0
6,0,1505,505,1024,12160,90.0,0,0,1953,481,1953,1953.0
5,252,672,576,0,8064,0.0,0,0,2006,672,1949,2003.0
6,765,918,440,226,11184,92.0,0,243,1978,192,1978,1978.0
6,0,1068,264,663,8414,0.0,0,192,2003,396,1963,1963.0
5,0,1383,354,1064,13284,0.0,116,511,1954,319,1954,1954.0
5,0,1535,400,0,7018,0.0,0,0,1979,0,1979,1979.0
6,813,983,483,400,7056,415.0,50,0,1963,380,1963,1963.0
4,0,951,327,285,8765,0.0,28,0,1950,666,1936,1936.0
5,1120,1120,528,0,7018,0.0,0,154,1979,0,1979,1979.0
9,0,2364,820,2188,12919,760.0,67,0,2010,142,2009,2009.0
5,0,1236,288,465,6993,0.0,0,0,1994,447,1961,1961.0
4,0,858,684,322,7340,0.0,0,0,1971,536,1971,1979.0
5,0,1306,756,860,8712,0.0,0,0,2000,132,1957,1968.0
7,702,807,393,0,7875,0.0,75,0,2003,783,2003,2003.0
7,0,1670,690,0,14859,27.0,60,144,2006,1670,2006,2006.0
5,0,902,288,599,6173,75.0,0,0,1967,277,1967,1967.0
5,0,1063,280,354,9920,110.0,0,0,1954,412,1954,1954.0
8,0,1636,865,63,13501,208.0,60,0,2006,1560,2006,2006.0
7,1037,1020,180,223,11500,0.0,0,0,1987,794,1936,1936.0
5,0,902,484,301,8885,0.0,0,164,1983,239,1983,1983.0
6,742,742,390,0,12589,0.0,24,36,2005,742,2005,2005.0
5,1169,1105,480,443,11600,361.0,0,0,1960,662,1960,1960.0
5,0,1268,252,196,9286,0.0,0,173,1989,1072,1977,1978.0
5,0,1015,450,489,6120,0.0,0,0,1950,279,1925,1925.0
5,1001,1001,871,284,6270,0.0,0,0,1950,717,1949,1949.0
6,612,612,528,294,3000,76.0,234,0,2009,318,2009,2009.0
4,546,546,286,0,2001,80.0,0,0,1970,546,1970,1970.0
2,0,480,308,50,9000,0.0,0,0,1950,430,1949,1958.0
4,0,1229,284,1059,17140,0.0,0,0,1956,75,1956,1956.0
7,1215,912,833,48,13125,0.0,192,72,1991,422,1991,1991.0
6,0,1414,601,528,11029,0.0,51,0,2002,245,1958,1990.0
6,785,936,471,814,8462,105.0,87,300,1994,114,1994,1994.0
5,928,1272,0,1084,8777,0.0,70,0,2003,188,1900,1980.0
6,0,1316,397,28,10237,0.0,0,100,2006,1288,2005,2005.0
6,0,1617,533,165,8012,0.0,69,0,1994,598,1993,1993.0
6,0,1686,612,625,10240,157.0,131,384,1980,0,1980,1980.0
5,0,1126,540,767,15611,0.0,0,180,1977,266,1977,1977.0
8,1140,1234,656,0,11999,340.0,100,104,2004,1181,2003,2003.0
7,880,1098,486,552,9900,342.0,43,0,1968,280,1968,1968.0
8,0,1788,522,0,11838,0.0,151,202,2001,1753,2001,2001.0
7,1243,993,642,0,13006,285.0,0,0,1997,964,1997,1997.0
8,0,1466,610,16,8925,0.0,18,100,2007,1450,2007,2007.0
5,0,925,429,338,9100,0.0,0,0,1965,121,1965,1965.0
9,0,1905,788,0,11670,302.0,191,0,2006,1905,2006,2006.0
7,0,1500,570,20,8487,210.0,36,192,2004,1480,2004,2004.0
7,0,2069,505,425,27650,0.0,0,0,2007,160,1960,1960.0
4,0,747,528,0,5825,108.0,0,0,1953,600,1926,1953.0
7,0,1200,555,833,10083,0.0,41,0,2003,343,2003,2003.0
7,858,1113,689,341,9675,0.0,48,0,2005,772,2005,2005.0
7,571,1391,868,464,8760,0.0,90,0,2006,927,2006,2006.0
7,1196,1207,349,0,24090,0.0,0,56,1950,1032,1940,1940.0
6,0,1728,574,936,12640,0.0,0,40,1976,396,1976,1976.0
7,1038,1022,390,772,8755,298.0,0,0,1999,220,1999,1999.0
4,0,1440,0,1440,7711,0.0,0,321,1977,0,1977,1980.0
5,0,1632,576,0,25000,0.0,0,0,1967,1632,1967,1967.0
6,0,1344,525,111,14375,541.0,118,0,1958,354,1958,1958.0
5,561,1188,456,1088,8820,0.0,0,48,1996,0,1890,1963.0
5,0,1144,796,748,8163,128.0,0,86,1959,102,1959,1959.0
8,0,1629,808,1300,14536,236.0,252,0,2003,316,2002,2002.0
7,840,936,474,0,14006,144.0,96,144,2002,936,2002,2002.0
6,0,1381,676,982,9360,0.0,0,0,2006,179,1972,1972.0
5,0,864,720,398,7200,0.0,0,194,2002,317,1950,1980.0
5,0,965,300,641,7800,0.0,0,421,1965,187,1965,1979.0
5,0,768,396,660,7200,0.0,0,192,2003,108,1972,1974.0
5,800,1168,530,562,11075,232.0,189,305,1969,29,1969,1969.0
6,0,980,0,945,9400,250.0,0,0,1975,0,1975,1980.0
6,979,979,492,484,7136,423.0,0,0,1950,495,1946,1946.0
6,668,561,462,285,1300,0.0,0,150,1980,276,1980,1980.0
5,0,1057,576,417,7420,0.0,0,0,1962,640,1962,1977.0
7,0,1337,531,699,8450,0.0,39,0,2003,638,2003,2003.0
7,720,696,484,604,2572,0.0,44,0,1999,92,1999,1999.0
5,0,858,0,696,7207,0.0,0,117,2008,162,1958,1980.0
6,1330,1542,619,896,12227,424.0,282,550,1995,434,1977,1977.0
6,744,804,440,556,2308,0.0,0,48,1976,248,1976,1976.0
9,0,1800,702,0,11923,0.0,136,288,2007,1800,2007,2007.0
7,1070,824,510,624,11316,44.0,40,0,2003,193,2002,2002.0
6,701,783,393,0,10237,0.0,72,0,2007,783,2005,2005.0
5,332,976,256,428,9600,0.0,70,0,1950,300,1940,1940.0
5,0,1098,260,902,7390,151.0,0,0,1955,196,1955,1955.0
3,368,600,0,0,5925,0.0,0,0,1950,600,1910,1980.0
6,0,1095,264,513,10382,105.0,0,0,1958,75,1958,1958.0
4,472,720,0,0,10800,0.0,0,0,1950,720,1949,1980.0
7,862,764,474,567,2268,106.0,27,0,2004,197,2003,2003.0
6,0,918,264,0,7892,0.0,0,28,1979,918,1979,1979.0
7,0,1428,480,0,11639,0.0,120,0,2008,1428,2007,2007.0
7,883,1136,532,0,11414,0.0,135,509,1993,728,1910,1997.0
7,709,673,490,641,2651,0.0,50,153,2000,32,2000,2000.0
4,0,869,0,0,5900,0.0,0,0,1958,440,1923,1980.0
7,0,1241,569,1106,4274,0.0,116,0,2007,135,2006,2007.0
4,0,894,400,552,9450,0.0,0,0,1954,342,1954,1999.0
5,0,1121,480,651,8816,0.0,80,0,1963,470,1963,1963.0
7,0,999,588,867,12122,210.0,76,144,2007,77,1961,1961.0
8,1336,1276,676,854,12203,975.0,0,250,1999,371,1998,1998.0
7,0,1266,388,0,3182,16.0,16,100,2007,1266,2007,2007.0
8,1141,1149,779,0,11250,0.0,0,0,2002,1128,2002,2002.0
5,432,1302,539,0,10125,0.0,0,0,1977,0,1977,1977.0
5,0,1164,240,1040,10880,0.0,48,0,1950,124,1950,1950.0
6,634,1001,255,0,5310,0.0,0,394,2003,485,1910,1950.0
9,0,1940,606,1646,10159,450.0,95,168,2010,284,2009,2010.0
6,912,1118,551,156,12046,298.0,224,0,1976,692,1976,1976.0
7,798,778,614,0,8125,0.0,50,0,2006,770,2006,2006.0
8,985,1407,870,1074,9452,423.0,70,0,1998,322,1997,1997.0
8,826,916,424,216,17671,0.0,169,0,1986,700,1882,1925.0
6,831,1020,440,536,9760,340.0,42,239,1993,169,1964,1964.0
6,750,750,564,0,8846,0.0,35,0,2006,750,2005,2005.0
10,0,1718,786,1172,12456,230.0,48,216,2007,528,2006,2008.0
4,456,774,305,384,4712,0.0,57,0,1950,363,1946,1946.0
5,0,1050,368,915,10659,0.0,319,0,1961,135,1961,1961.0
6,0,1442,615,0,11717,571.0,0,371,1970,1442,1970,1970.0
3,0,1077,210,0,9786,0.0,100,0,1950,1007,1922,1922.0
7,0,1208,632,686,6762,24.0,61,105,2006,501,2006,2006.0
3,0,944,528,0,10206,0.0,0,0,1952,0,1952,1956.0
5,0,691,216,0,5400,0.0,20,0,1950,691,1920,1920.0
8,0,1574,824,24,11957,53.0,104,144,2006,1550,2006,2006.0
5,0,1680,528,0,11500,164.0,0,0,1976,1680,1976,1976.0
7,0,1504,457,16,3182,16.0,0,156,2006,1330,2005,2005.0
5,0,985,328,595,8385,220.0,0,210,1977,390,1977,1977.0
6,0,1657,484,1237,12155,0.0,0,0,1970,420,1970,1970.0
4,546,546,286,273,2217,0.0,0,238,1970,0,1970,1970.0
7,0,1710,550,0,12118,108.0,48,100,2005,1710,2004,2004.0
5,0,1008,0,0,6000,0.0,0,0,1950,1008,1926,1980.0
5,551,720,312,0,21286,0.0,0,0,1950,720,1948,1948.0
5,0,1664,0,0,9825,0.0,0,0,1965,0,1965,1980.0
6,602,900,180,0,10592,0.0,0,96,1996,602,1923,1923.0
5,0,1022,280,247,7200,0.0,30,0,2006,310,1910,1956.0
6,0,1082,240,336,11664,206.0,130,0,1950,746,1948,1948.0
8,855,810,528,643,8400,0.0,45,0,2001,167,2001,2001.0
7,0,1504,478,690,11883,196.0,66,115,1996,814,1996,1996.0
8,0,1360,565,1036,5814,0.0,0,63,1984,184,1984,1984.0
7,670,802,402,0,10784,76.0,0,164,1992,384,1991,1991.0
7,0,1506,440,16,3013,145.0,20,142,2005,1346,2005,2005.0
4,0,1132,451,1024,7024,0.0,64,252,2005,108,2005,2005.0
7,0,1220,632,684,7406,84.0,54,105,2006,515,2006,2006.0
5,336,912,160,324,9439,0.0,0,0,1950,588,1930,1957.0
7,0,1504,437,16,3182,14.0,20,156,2006,1330,2005,2005.0
8,0,2898,665,1165,15498,0.0,72,0,1976,0,1976,1976.0
5,0,882,461,138,7700,0.0,0,96,1972,276,1972,1980.0
5,0,1264,461,697,9300,324.0,0,0,1960,571,1960,1960.0
8,0,1646,800,1513,9520,338.0,44,192,2008,125,2007,2008.0
5,408,968,240,368,9492,0.0,0,0,1950,359,1941,1941.0
6,546,672,264,317,1680,281.0,28,0,1972,355,1972,1972.0
5,980,948,0,0,7082,0.0,0,0,1995,686,1916,1980.0
7,998,1687,672,523,15863,0.0,63,136,1970,301,1920,1970.0
8,1168,1352,796,1012,14541,0.0,55,209,1993,326,1993,1993.0
7,0,1654,900,986,8125,295.0,136,0,2002,668,2002,2002.0
5,0,954,240,0,6305,0.0,0,0,1950,920,1938,1938.0
4,0,845,290,0,11500,0.0,0,186,1957,0,1957,1957.0
9,0,1620,912,1022,12898,70.0,0,228,2008,598,2007,2008.0
8,1208,1055,905,0,9240,396.0,45,0,2002,1055,2001,2001.0
4,546,798,0,0,1533,0.0,0,0,2008,546,1970,1980.0
4,0,630,286,509,1477,0.0,0,0,1970,121,1970,1970.0
5,0,1803,484,168,13125,67.0,0,0,2000,284,1957,1957.0
6,832,800,484,400,9130,252.0,40,0,2000,336,1966,1966.0
6,0,1306,624,900,5381,135.0,63,170,2005,406,2005,2005.0
7,797,1532,514,1085,11839,99.0,121,192,1990,390,1990,1990.0
8,0,2524,542,1104,9600,0.0,120,474,1981,1420,1981,1981.0
3,0,1733,452,0,13680,0.0,0,0,1955,0,1955,1955.0
9,876,1992,716,240,16056,208.0,108,214,2006,1752,2005,2005.0
5,0,990,672,686,9245,0.0,0,0,1995,304,1994,1996.0
5,0,1771,336,0,21750,75.0,0,0,2006,0,1960,1960.0
4,0,930,308,0,11100,0.0,0,0,2006,0,1946,1946.0
7,0,1302,436,0,8993,0.0,22,0,2007,1302,2007,2007.0
7,0,1316,440,0,11175,0.0,20,0,2007,1316,2007,2007.0
6,850,1127,540,442,9500,272.0,52,0,1978,374,1964,1964.0
5,0,1526,364,383,8562,145.0,78,116,2002,833,1957,1957.0
8,898,1091,586,932,11367,210.0,60,199,2002,133,2002,2002.0
6,0,1523,478,644,11361,160.0,0,0,1976,549,1976,1976.0
7,0,1364,484,659,7052,240.0,36,192,2005,705,2005,2005.0
7,871,979,467,595,29959,0.0,98,168,1994,378,1994,1994.0
9,1054,1130,836,936,11308,154.0,102,0,2008,168,2008,2008.0
6,895,1096,432,297,11275,480.0,0,0,1950,0,1932,1977.0
8,0,1338,582,616,4920,0.0,0,0,2001,722,2001,2001.0
3,0,894,1248,0,18000,0.0,20,0,1950,894,1935,1994.0
5,915,1422,560,0,13600,0.0,57,0,1950,662,1900,1945.0
6,0,1103,440,397,6000,0.0,120,166,1980,706,1925,1976.0
5,0,1154,480,740,11000,200.0,58,0,1966,184,1966,1966.0
7,954,1306,533,1201,14000,0.0,44,296,1997,105,1996,1996.0
6,772,799,380,0,7837,0.0,40,0,1994,799,1993,1993.0
6,813,798,442,674,9760,360.0,128,328,1964,0,1964,1964.0
6,1230,1291,576,837,3964,0.0,20,728,1973,105,1973,1973.0
5,0,893,576,220,9600,0.0,0,0,2003,625,1949,1985.0
5,0,1048,286,586,10152,120.0,20,0,1956,462,1956,1956.0
6,727,829,441,298,11700,0.0,0,0,1968,429,1968,1968.0
5,454,1002,280,0,7585,0.0,0,0,1950,810,1948,1954.0
6,728,698,440,535,7950,140.0,0,252,1977,155,1977,1977.0
7,0,1240,826,0,8556,0.0,93,140,2006,1240,2006,2006.0
7,780,960,240,410,13125,0.0,0,0,1984,390,1940,1940.0
5,370,1096,566,626,10800,0.0,21,436,1989,170,1936,1950.0
5,0,1096,299,75,15870,0.0,32,240,1969,230,1969,1969.0
6,0,848,420,662,4435,169.0,0,140,2004,186,2004,2004.0
5,0,990,299,495,8775,0.0,64,0,1994,495,1994,1996.0
6,0,1258,528,656,11040,144.0,0,55,2004,602,1971,1971.0
5,0,1040,308,824,7500,0.0,0,0,1963,216,1963,1963.0
7,0,1459,527,0,8749,100.0,39,192,2002,1459,2002,2002.0
6,0,1251,461,553,8800,425.0,116,0,1964,698,1964,1964.0
6,807,691,409,592,13031,0.0,44,315,1996,99,1995,1995.0
6,0,996,564,747,9069,0.0,0,120,1992,189,1992,1992.0
4,546,546,286,334,1974,0.0,96,120,1973,212,1973,1973.0
8,871,1082,1043,0,10574,0.0,50,160,2006,1082,2005,2005.0
7,739,970,380,0,2522,50.0,40,0,2004,970,2004,2004.0
8,0,1247,550,1039,3316,0.0,84,0,2005,208,2005,2005.0
3,0,1040,400,0,8544,0.0,0,0,1950,0,1950,1987.0
7,628,624,462,510,2160,212.0,48,0,2000,90,1999,1999.0
6,304,1390,576,423,8400,0.0,0,342,1950,758,1925,1925.0
5,0,1200,884,661,9230,166.0,64,0,1998,203,1965,1977.0
5,0,936,308,248,5868,0.0,0,0,2000,448,1956,1956.0
6,0,1314,440,24,9317,0.0,22,0,2006,1290,2006,2006.0
6,582,773,0,0,6882,0.0,0,136,2006,684,1914,1980.0
8,0,1088,461,0,3696,0.0,74,0,1986,1074,1986,1987.0
4,567,757,240,672,6000,0.0,0,0,1950,0,1936,1936.0
7,0,1601,478,704,11880,206.0,0,0,1978,567,1978,1978.0
2,0,438,246,290,8400,0.0,0,0,1950,0,1920,1930.0
5,0,950,280,412,9758,0.0,0,0,1971,251,1971,1981.0
5,0,1134,254,588,7000,45.0,16,0,2002,422,1960,1960.0
6,0,1194,539,655,8910,0.0,0,0,1959,0,1959,1954.0
5,672,630,440,0,2016,304.0,0,0,1970,630,1970,1970.0
8,1122,1500,712,1032,12256,362.0,32,186,1995,431,1994,1994.0
7,0,1442,719,738,10357,0.0,244,0,1991,172,1990,1990.0
7,1134,887,422,0,23257,0.0,100,0,2006,868,2006,2006.0
6,742,948,463,0,8063,0.0,48,100,2000,924,2000,2000.0
8,0,1836,862,1039,11362,42.0,185,125,2005,797,2004,2004.0
6,885,773,431,219,8000,0.0,84,224,1996,554,1995,1995.0
7,866,1098,483,403,10480,660.0,69,0,1976,400,1976,1976.0
5,0,816,308,708,7100,0.0,0,0,1957,108,1957,1957.0
5,0,1008,240,643,8923,0.0,18,0,2006,365,1953,1953.0
5,0,833,326,415,5400,0.0,0,0,2000,418,1954,1955.0
8,0,1734,928,1004,12085,328.0,0,0,2007,730,2007,2007.0
8,640,779,527,353,7750,0.0,0,120,2002,55,2002,2002.0
5,0,894,450,702,9764,0.0,0,0,2003,192,1967,1967.0
5,580,1021,300,0,13825,0.0,34,280,1987,533,1958,1958.0
5,0,1040,286,369,7560,0.0,0,140,1959,671,1959,1959.0
6,0,1012,308,0,8263,0.0,22,0,1950,1012,1920,1920.0
7,0,1552,782,24,10084,196.0,20,144,2006,1528,2005,2005.0
4,0,960,288,0,8926,0.0,0,64,1956,672,1956,1956.0
5,0,698,0,0,9405,0.0,200,0,2008,698,1947,1980.0
7,670,812,392,0,9125,170.0,25,100,1992,384,1992,1992.0
4,0,1005,672,0,10434,0.0,0,0,1955,1005,1955,1977.0
7,0,1555,660,0,3684,130.0,20,143,2007,1373,2007,2007.0
7,0,1530,630,1300,14572,0.0,36,144,2004,230,2004,2004.0
7,1112,847,434,0,11796,0.0,48,100,2005,847,2004,2004.0
5,0,936,672,936,7200,180.0,0,49,1980,0,1980,1980.0
4,653,1328,576,622,7804,0.0,44,431,1950,500,1928,1981.0
5,0,974,0,212,10712,0.0,28,0,1992,762,1991,1980.0
6,1032,1178,205,0,9900,0.0,48,0,1950,1008,1880,1930.0
8,878,1142,466,584,9828,0.0,155,0,1995,544,1995,1995.0
6,684,916,460,0,8773,0.0,38,100,1997,916,1997,1997.0
6,0,986,180,0,6180,0.0,128,0,1950,960,1926,1926.0
6,220,1032,288,280,9600,0.0,0,0,1950,752,1950,1950.0
5,240,780,0,0,6342,0.0,0,0,1996,780,1875,1980.0
6,0,1567,714,1567,9819,0.0,32,264,1977,0,1977,1977.0
5,0,1167,495,645,8731,0.0,0,0,1950,270,1920,1972.0
5,0,952,840,852,7350,0.0,0,0,1951,100,1951,1988.0
5,780,1088,484,381,10304,44.0,96,448,1976,399,1976,1976.0
8,1362,1466,1052,1150,9965,340.0,144,125,2007,316,2006,2006.0
5,0,1006,0,288,9000,0.0,24,0,1959,718,1959,1980.0
4,252,672,280,348,12180,0.0,0,0,1950,324,1941,1941.0
5,534,1042,225,0,6240,0.0,0,0,1950,1042,1928,1928.0
6,0,1298,403,1258,11200,85.0,26,165,1985,40,1985,1985.0
7,704,860,234,275,12000,0.0,0,0,1950,429,1941,1941.0
7,539,572,288,0,5700,0.0,0,0,1950,572,1926,1982.0
7,650,832,324,624,9000,0.0,0,0,1988,26,1920,1930.0
6,0,932,306,0,8280,0.0,0,0,1950,932,1950,1950.0
5,0,1466,528,176,17755,132.0,140,0,1959,1290,1959,1959.0
6,0,1811,470,296,14115,0.0,0,0,2004,230,1956,1956.0
6,0,816,432,538,5890,0.0,0,0,2007,278,1930,2002.0
7,918,902,492,454,13700,288.0,84,60,1988,410,1965,1965.0
5,0,1437,528,1157,10768,0.0,21,0,2004,280,1976,1976.0
5,0,1265,502,633,9350,0.0,92,0,1999,586,1965,1965.0
7,0,1314,626,904,5001,166.0,62,172,2008,410,2007,2008.0
8,0,1580,830,0,11932,186.0,24,0,2008,1580,2007,2008.0
6,933,943,540,442,9120,270.0,69,0,1974,459,1974,1974.0
6,601,855,440,311,2280,0.0,0,26,1978,544,1978,1978.0
6,0,1640,924,728,14778,72.0,0,108,2006,568,1954,1993.0
5,0,894,450,492,8724,0.0,0,0,1968,402,1968,1968.0
4,0,1258,400,1198,12900,0.0,0,120,1969,0,1969,1969.0
5,0,1432,588,680,16157,0.0,180,168,1978,289,1978,1978.0
7,0,1502,644,0,9541,268.0,114,0,2009,1502,2009,2009.0
8,0,1694,776,0,10475,72.0,33,160,2008,1694,2008,2008.0
6,712,959,472,786,10852,0.0,38,0,2000,173,2000,2000.0
6,872,1236,540,626,13728,0.0,0,0,1986,501,1935,1935.0
10,1796,1831,807,1387,35760,1378.0,76,361,1996,543,1995,1995.0
6,0,1118,358,522,9880,0.0,0,203,1977,574,1977,1977.0
6,0,1261,433,662,9120,0.0,0,0,1958,599,1958,1958.0
7,625,625,625,0,4017,0.0,54,0,2007,625,2006,2006.0
5,971,1636,0,152,18030,0.0,0,122,1994,977,1946,1980.0
6,1175,1170,360,503,16560,0.0,0,0,1950,449,1932,1932.0
8,743,2129,541,700,10678,337.0,33,0,2000,983,1992,1992.0
5,0,923,264,658,6951,0.0,0,362,1985,218,1984,1984.0
6,406,818,210,468,3950,0.0,0,0,2004,350,1926,1926.0
5,523,820,186,0,7681,0.0,0,192,1950,731,1921,1921.0
5,0,1124,0,0,8335,0.0,36,0,1954,0,1954,1980.0
7,1216,1298,693,1216,11170,0.0,0,0,1991,0,1990,1990.0
8,0,1652,482,1480,5587,186.0,53,162,2008,120,2008,2008.0
10,2065,2411,813,2096,15623,0.0,78,171,1996,300,1996,1996.0
5,0,1130,720,821,10800,0.0,0,229,1950,299,1920,1970.0
5,0,1572,995,1159,35133,226.0,263,0,1963,413,1963,1963.0
5,272,949,392,392,9738,0.0,0,0,1950,392,1924,1965.0
3,685,1014,420,440,10615,0.0,74,0,1970,538,1900,1920.0
8,0,1624,757,1456,12461,0.0,114,0,1995,168,1994,1994.0
7,829,831,493,0,8935,95.0,68,144,2002,831,2002,2002.0
7,776,1028,442,0,7500,0.0,60,140,1999,994,1999,1999.0
4,0,1622,1356,1159,32463,149.0,0,439,1975,90,1961,1975.0
8,677,764,492,0,2645,456.0,0,206,2000,776,1999,1999.0
5,630,842,250,0,9600,0.0,0,0,1994,702,1925,1925.0
6,0,1224,402,883,4500,425.0,304,0,1999,341,1999,1999.0
6,689,663,299,371,9364,143.0,36,379,1969,292,1969,1969.0
6,728,728,400,0,8029,0.0,24,100,2005,728,2005,2005.0
7,984,879,660,0,14054,0.0,17,100,2006,879,2006,2006.0
7,875,815,225,0,8850,0.0,0,0,1950,815,1916,1916.0
7,0,1212,573,0,9100,0.0,0,356,2001,1212,2001,2001.0
4,0,1382,459,547,11235,51.0,82,0,1979,504,1963,1974.0
4,0,864,280,0,9353,0.0,0,0,1970,864,1970,1972.0
7,913,866,546,0,10400,0.0,36,198,1998,866,1998,1998.0
5,464,884,216,0,6000,0.0,0,0,1997,884,1925,1960.0
7,0,1630,451,0,9750,171.0,234,74,2001,1630,2000,2000.0
5,0,1074,495,788,10140,0.0,88,0,1975,268,1975,1975.0
7,0,2196,701,485,14684,234.0,70,84,1991,1496,1990,1990.0
4,0,1056,384,1056,8900,0.0,42,0,1966,0,1966,1966.0
6,0,1700,544,340,9135,120.0,23,192,2003,1342,2003,2003.0
5,0,1283,506,504,7763,0.0,0,0,1980,319,1962,1980.0
8,0,1660,500,1220,10182,420.0,50,322,2006,440,2006,2006.0
6,790,1055,462,0,11218,0.0,104,635,1992,1055,1992,1992.0
8,672,1080,492,427,12134,0.0,12,325,2005,132,1988,1988.0
4,0,672,234,344,9340,0.0,113,0,1950,328,1941,1941.0
4,0,960,364,648,10246,0.0,0,88,2001,0,1965,1965.0
5,0,999,300,784,10205,0.0,72,150,1962,141,1962,1962.0
5,0,894,384,180,7094,0.0,0,0,1966,340,1966,1966.0
6,584,1318,539,0,8930,0.0,0,0,1978,0,1978,1978.0
8,0,1314,552,936,8640,72.0,112,135,2009,364,2009,2009.0
4,240,672,0,0,6240,0.0,0,0,1950,0,1947,1980.0
6,546,672,0,0,1680,236.0,0,201,1971,672,1971,1980.0
5,0,912,288,312,7800,0.0,0,0,1964,0,1964,1964.0
5,0,1211,322,250,8250,0.0,63,0,1968,210,1968,1968.0
6,678,1168,315,196,10496,320.0,0,0,1950,844,1949,1949.0
5,0,2136,528,756,10680,44.0,30,0,1951,1380,1951,1951.0
7,702,788,388,724,15384,0.0,75,100,2005,64,2004,2004.0
6,0,1138,264,507,10482,63.0,0,224,1958,81,1958,1958.0
6,1039,894,668,0,14598,74.0,18,100,2007,894,2007,2007.0
5,0,912,576,595,8872,300.0,240,0,2008,317,1965,1992.0
9,0,1702,1052,1540,8769,766.0,72,0,2008,162,2008,2008.0
5,0,1507,404,666,7910,0.0,0,0,1960,409,1960,1960.0
5,1259,1361,600,498,18890,1.0,24,155,1977,652,1977,1977.0
5,0,1190,540,803,7728,120.0,18,0,1962,303,1962,1962.0
4,0,1224,462,0,9842,0.0,0,0,1962,0,1962,1962.0
5,0,1188,531,1000,12160,180.0,0,0,1959,188,1959,1959.0
5,940,1024,0,0,8525,0.0,192,0,1950,940,1911,1980.0
5,892,892,180,0,13132,0.0,40,203,1950,747,1914,1914.0
7,862,764,474,0,2628,106.0,27,0,2003,764,2003,2003.0
7,1101,847,434,0,12393,0.0,48,100,2005,847,2004,2004.0
6,0,1141,484,0,13072,0.0,0,0,2005,1141,2005,2005.0
8,0,1484,472,428,9037,32.0,33,120,2006,1048,2006,2006.0
7,884,884,543,550,8158,252.0,63,0,2003,334,2003,2003.0
7,0,1689,954,0,9849,0.0,56,0,2007,1689,2007,2007.0
7,0,1173,528,885,10625,81.0,120,0,1974,0,1974,1974.0
10,0,2076,850,1386,13891,0.0,229,216,2006,690,2006,2006.0
8,725,792,400,0,11435,0.0,0,0,1950,792,1929,1931.0
6,728,1140,477,0,12090,74.0,112,268,2003,585,1984,1984.0
7,797,756,615,0,8125,0.0,45,0,2006,756,2005,2005.0
6,0,1034,888,539,12328,335.0,0,0,1976,473,1976,1976.0
6,924,1134,396,319,9600,0.0,0,0,1950,416,1917,1950.0
5,0,988,276,534,7200,0.0,80,0,1950,246,1950,1950.0
7,0,2110,522,1065,11160,0.0,0,0,1968,1045,1968,1968.0
7,0,1405,478,0,3136,163.0,36,148,2003,1405,2003,2003.0
5,0,874,288,510,9858,0.0,0,33,1968,354,1968,1968.0
7,651,1516,518,125,17542,0.0,47,220,2003,36,1974,1974.0
7,896,760,397,0,6931,92.0,128,178,2004,746,2003,2003.0
6,408,959,560,425,6240,0.0,0,0,1950,459,1931,1978.0
8,0,1987,691,1314,14303,554.0,36,262,1994,672,1994,1994.0
5,0,864,0,0,4060,0.0,96,0,1950,864,1922,1980.0
7,0,1166,400,655,9587,182.0,0,212,2005,201,2005,2005.0
6,0,1054,460,602,9750,0.0,0,180,1969,14,1969,1969.0
6,783,892,502,0,24682,0.0,103,0,1999,841,1999,1999.0
5,0,1050,338,504,9600,0.0,0,0,1956,546,1956,1956.0
4,684,1104,304,0,11250,0.0,0,120,1989,1104,1957,1957.0
6,764,1060,520,0,13515,0.0,0,0,1950,764,1919,1940.0
6,0,1337,511,266,4060,0.0,68,144,1999,1139,1998,1998.0
7,739,713,506,450,3735,218.0,34,0,1999,241,1999,1999.0
7,925,964,308,0,10120,0.0,0,0,1950,925,1910,1960.0
9,0,2018,746,0,13214,0.0,76,144,2009,2002,2008,2009.0
8,1479,1968,1014,192,14100,632.0,12,314,1997,536,1935,1982.0
5,650,874,315,460,11344,180.0,0,0,1958,414,1958,1958.0
7,192,1332,586,1258,23595,0.0,0,268,1979,74,1979,1979.0
6,0,1489,462,0,9156,0.0,0,0,1968,1489,1968,1968.0
5,0,935,288,560,13526,114.0,0,180,1965,0,1965,1965.0
6,0,1357,312,719,11512,84.0,0,0,2006,300,1959,1959.0
5,589,661,552,0,5362,0.0,0,242,2003,661,1910,1985.0
5,992,928,400,220,11345,567.0,0,0,1950,708,1948,1948.0
6,660,735,497,593,12936,0.0,116,294,1972,130,1972,1972.0
6,0,1724,480,528,17871,359.0,0,0,1976,1152,1967,1967.0
8,903,1128,577,804,9473,0.0,211,0,2002,324,2002,2002.0
4,430,698,528,0,7500,0.0,0,30,1950,698,1920,1980.0
7,0,1573,544,788,9808,110.0,72,0,2002,785,2002,2002.0
7,0,1339,484,1053,8049,54.0,58,0,1990,256,1990,1990.0
5,0,1040,484,532,8800,0.0,0,0,2008,364,1977,1977.0
6,912,912,0,0,9400,0.0,0,128,1971,912,1971,1980.0
6,748,1699,336,0,9638,0.0,0,272,1990,804,1919,1969.0
6,587,825,280,0,6000,0.0,0,45,1950,780,1939,1939.0
6,0,1328,528,569,9790,451.0,26,0,1963,678,1963,1963.0
5,0,1582,390,812,36500,621.0,198,168,1964,812,1964,1964.0
8,0,1659,499,1158,5664,0.0,59,212,2000,343,2000,2000.0
8,850,1120,753,0,11065,788.0,74,177,2006,1085,2006,2006.0
5,0,1152,484,1014,14112,86.0,0,227,1964,138,1964,1964.0
5,672,630,264,231,1680,268.0,0,185,1972,399,1972,1972.0
5,994,1378,432,0,6600,0.0,287,0,1965,994,1892,1985.0
7,832,832,528,194,10140,0.0,28,0,1976,638,1976,1976.0
5,0,864,572,167,8172,0.0,0,0,1990,697,1955,1957.0
5,0,1052,288,1016,8400,168.0,0,356,1968,36,1968,1968.0
5,0,1128,525,776,8700,148.0,20,192,1963,344,1963,1963.0
6,0,1072,525,547,3675,82.0,44,0,2006,0,2005,2005.0
10,950,4692,1418,5644,63887,796.0,292,214,2008,466,2008,2008.0
5,0,1246,305,340,7500,0.0,0,218,1994,0,1959,1959.0
7,978,1005,490,694,10762,344.0,0,0,1999,284,1999,1999.0
6,741,753,213,547,7500,0.0,0,0,1950,224,1942,1942.0
8,1323,1203,844,740,10120,391.0,78,309,1994,425,1994,1994.0
7,0,1616,834,0,8688,228.0,59,208,2005,1616,2005,2005.0
7,732,976,380,0,3363,117.0,40,0,2004,976,2004,2004.0
9,0,1652,840,1572,13173,300.0,102,404,2007,80,2006,2006.0
7,0,1368,474,0,6955,94.0,35,132,2006,1368,2005,2005.0
5,0,990,480,746,8072,0.0,64,0,1995,244,1994,2000.0
5,0,1122,528,144,12000,0.0,36,0,2005,172,1948,1948.0
6,0,1294,496,1200,7153,88.0,51,112,1991,78,1991,1991.0
7,0,1902,567,1406,17500,0.0,207,0,2002,496,1959,1959.0
7,0,1274,508,925,8814,80.0,98,264,2007,349,2005,2005.0
8,1357,1453,750,482,9572,336.0,0,500,1990,971,1990,1990.0
9,1177,1422,779,0,14774,165.0,30,668,1999,1393,1999,1999.0
4,0,948,280,732,8190,0.0,36,0,1954,216,1954,1956.0
6,1020,1092,576,500,11075,0.0,0,280,1969,176,1969,1969.0
8,0,1630,860,0,10226,270.0,42,172,2008,1622,2008,2008.0
7,0,1352,466,0,4230,0.0,241,0,2007,1352,2006,2006.0
8,0,1787,748,0,14781,178.0,150,198,2002,1753,2001,2001.0
4,0,948,248,492,10215,132.0,0,0,1954,372,1954,1954.0
6,0,1478,442,189,8400,0.0,0,114,1957,628,1957,1957.0
3,0,720,287,0,6627,0.0,0,0,1950,0,1949,1955.0
7,862,1061,564,674,10186,0.0,39,240,1992,76,1992,1992.0
4,0,708,0,280,5330,0.0,0,164,1950,140,1940,1980.0
8,0,1795,895,0,9986,428.0,49,0,2007,1795,2006,2007.0
4,0,796,0,0,3636,0.0,0,0,1950,796,1922,1980.0
3,0,774,0,544,4270,0.0,0,0,2006,0,1931,1980.0
5,0,816,264,641,6600,0.0,0,0,2008,175,1982,1982.0
6,1208,1584,520,493,10440,0.0,547,0,1950,1017,1920,1920.0
7,677,955,462,0,9084,0.0,28,0,1998,935,1998,1998.0
8,0,1588,825,0,10000,410.0,45,144,2006,1588,2006,2006.0
5,0,954,576,483,10780,0.0,0,0,1976,428,1976,1976.0
4,0,816,288,690,8877,0.0,0,0,1958,126,1938,1958.0
5,557,803,297,0,7200,0.0,65,0,1995,803,1938,1951.0
5,600,765,440,765,2368,312.0,36,0,1970,0,1970,1970.0
6,0,1334,630,686,9650,360.0,16,0,1977,664,1977,1977.0
5,0,1656,506,0,9246,564.0,211,0,1973,1656,1973,1973.0
4,0,693,0,0,4118,0.0,20,0,1950,693,1941,1980.0
7,941,920,492,700,13450,0.0,91,146,2002,216,2002,2002.0
5,0,864,288,360,9560,0.0,0,0,1972,504,1972,1972.0
4,0,872,480,0,8294,0.0,0,0,1971,858,1971,1974.0
6,0,1114,576,814,13695,0.0,78,0,2004,300,2003,2004.0
8,885,1284,647,0,9375,149.0,87,192,2002,1284,2002,2002.0
6,741,1172,342,0,7558,0.0,0,0,1950,896,1928,1929.0
7,728,728,440,0,11103,0.0,0,0,2006,728,2006,2006.0
4,0,960,308,250,6000,0.0,0,0,1950,710,1920,1997.0
7,0,2156,508,297,20781,0.0,80,0,2003,1203,1968,1968.0
8,0,1776,712,80,15306,100.0,0,0,2007,1652,2006,2006.0
7,0,1494,514,1443,16196,0.0,25,402,1998,39,1998,1998.0
8,1215,938,0,259,5250,0.0,54,0,1987,425,1872,1980.0
5,1296,1338,968,500,11643,368.0,0,0,1969,748,1969,1969.0
6,858,858,490,319,9247,318.0,84,0,1962,539,1962,1962.0
6,390,786,624,0,6000,0.0,0,210,2000,698,1937,1999.0
8,1185,2053,666,816,14720,579.0,86,283,1996,1217,1995,1996.0
7,873,992,839,735,10316,0.0,184,0,2000,257,2000,2000.0
7,698,1222,487,0,10192,143.0,98,0,1992,570,1968,1968.0
5,0,892,264,340,9477,65.0,0,0,1966,524,1966,1966.0
5,0,1078,500,734,12537,0.0,0,0,2008,344,1971,1971.0
6,804,769,440,378,2117,216.0,32,0,2000,378,2000,2000.0
9,0,1980,770,1447,16737,66.0,45,194,2005,533,2004,2004.0
5,1611,990,621,0,9842,0.0,0,183,1998,612,1921,1998.0
7,0,1530,430,1274,16158,16.0,36,168,2005,256,2005,2005.0
4,457,1281,368,0,12513,0.0,0,55,2007,715,1920,1920.0
6,796,616,432,0,8499,0.0,36,0,2007,616,2006,2007.0
7,600,520,480,0,3180,0.0,166,0,2005,600,2005,2005.0
7,860,814,663,533,7500,0.0,96,0,2000,281,2000,2000.0
7,908,882,588,633,9179,158.0,88,0,1999,240,1999,1999.0
5,550,925,336,548,2665,0.0,26,104,1977,36,1977,1977.0
6,0,848,420,685,4435,170.0,0,140,2004,163,2003,2003.0
8,0,1668,502,370,10635,171.0,262,0,2003,315,2003,2003.0
4,534,840,338,315,5400,0.0,0,0,1950,420,1920,1967.0
6,0,1661,377,831,9600,0.0,28,0,1996,161,1955,1955.0
7,989,1108,583,975,9750,0.0,170,253,1998,133,1998,1998.0
10,0,2633,804,1282,11400,705.0,140,314,2002,1351,2001,2001.0
7,932,1026,936,0,10625,0.0,210,154,2005,1026,2005,2005.0
8,0,1571,722,0,10991,80.0,36,100,2007,1571,2007,2007.0
6,0,790,160,384,6292,0.0,141,0,1950,384,1930,1925.0
5,620,984,660,408,10998,0.0,68,0,1960,156,1941,1977.0
6,504,483,264,309,1953,408.0,0,72,1973,174,1973,1973.0
5,640,754,400,0,9735,0.0,0,100,2007,384,2006,2007.0
3,0,864,200,203,8212,0.0,0,0,1950,661,1914,1938.0
6,0,2117,550,865,12925,0.0,42,0,1970,340,1970,1970.0
7,764,998,576,0,7200,0.0,0,36,1950,596,1920,1989.0
5,0,1416,576,0,25339,0.0,0,0,2007,816,1918,2007.0
6,560,698,280,204,9060,0.0,0,0,1950,356,1939,1939.0
4,358,796,240,735,5436,0.0,96,0,2007,61,1922,1922.0
7,1392,1392,564,790,16692,184.0,112,0,1978,133,1978,1978.0
6,862,1664,216,168,8520,0.0,15,88,1950,0,1916,1916.0
9,0,1746,758,1320,14892,160.0,39,201,2007,426,2006,2006.0
6,349,869,440,375,6000,0.0,0,0,1950,360,1941,2003.0
7,0,1525,541,1400,9100,244.0,36,219,2000,125,2000,2000.0
5,0,1584,792,0,8944,0.0,152,0,1967,1584,1967,1967.0
5,0,900,288,769,7838,0.0,144,175,1967,95,1967,1967.0
6,691,1221,672,0,10800,0.0,25,0,2000,482,1905,2003.0
7,0,1500,648,1070,4045,45.0,20,161,2006,286,2006,2006.0
8,1349,1133,642,0,12665,245.0,39,144,2006,1094,2005,2005.0
5,0,1687,572,353,57200,0.0,0,0,1950,60,1948,1966.0
5,574,939,180,0,6120,0.0,0,24,2004,939,1920,1933.0
5,768,1136,240,180,7200,0.0,0,0,1982,676,1950,1950.0
6,448,1160,216,264,6171,0.0,16,147,1990,712,1925,1925.0
6,208,950,208,0,6000,0.0,0,0,1950,862,1929,1929.0
6,729,864,398,759,7415,0.0,75,100,2004,80,2004,2004.0
7,0,1294,662,0,6762,0.0,55,168,2006,1286,2006,2006.0
8,0,1464,754,929,15256,84.0,160,168,2007,556,2007,2007.0
3,520,694,936,0,10410,0.0,0,216,1950,672,1915,1998.0
8,0,1646,482,1373,3842,174.0,53,128,2005,221,2004,2004.0
5,0,768,396,656,8445,0.0,0,58,2007,112,1972,1988.0
5,0,833,0,625,8780,0.0,0,0,1985,208,1985,1980.0
4,622,741,528,0,7740,0.0,0,0,1950,622,1910,1966.0
7,857,1236,542,0,20544,123.0,63,364,1991,791,1986,1986.0
7,896,944,622,666,12420,0.0,45,0,2001,278,2001,2001.0
6,556,1112,271,120,9600,0.0,0,0,2005,736,1950,1950.0
4,0,1040,420,0,7200,0.0,0,0,1950,0,1949,1956.0
8,0,1844,620,976,10994,366.0,44,165,2006,868,2005,2005.0
6,795,1053,370,0,13053,0.0,0,0,2000,833,1923,1922.0
7,0,1569,660,988,3635,130.0,20,143,2007,398,2007,2007.0
4,1044,1246,560,0,11340,0.0,0,0,1950,777,1885,1971.0
8,1140,1310,1069,781,16545,731.0,126,0,1998,503,1998,1998.0
5,0,1144,336,25,9204,0.0,88,0,1963,247,1963,1962.0
6,0,1844,540,1110,16381,312.0,73,0,1969,734,1969,1969.0
6,708,708,776,404,11700,420.0,169,0,1968,304,1968,1968.0
6,0,1069,440,360,4043,0.0,55,0,1977,709,1977,1977.0
6,0,848,420,686,4435,170.0,0,140,2003,162,2003,2003.0
6,626,1575,432,0,19690,0.0,236,586,1966,697,1966,1966.0
5,0,1344,484,457,9503,0.0,28,316,1983,193,1958,1970.0
6,0,1252,528,0,10721,243.0,39,0,1959,1252,1959,1960.0
7,904,1223,525,1000,10944,448.0,132,171,1994,223,1994,1994.0
5,510,1048,288,580,10930,0.0,0,0,1950,333,1945,1962.0
5,0,804,240,510,7200,294.0,0,0,1992,278,1940,1940.0
6,0,1440,467,678,12546,310.0,0,0,1981,762,1981,1981.0
5,1104,734,372,0,21930,0.0,40,100,2005,732,2005,2005.0
6,0,958,440,958,4928,0.0,60,0,1976,0,1976,1976.0
4,0,968,216,0,10800,0.0,0,0,2007,656,1927,1928.0
6,830,962,451,0,10261,318.0,0,0,2000,936,2000,2000.0
5,0,1126,484,936,17400,0.0,41,295,1977,190,1977,1977.0
6,0,1537,462,0,8400,237.0,36,0,2005,1319,1962,1962.0
4,0,864,528,616,9000,0.0,0,0,1971,248,1971,1974.0
8,0,1932,774,1336,12444,426.0,66,0,2008,596,2008,2008.0
6,0,1236,923,600,7407,0.0,158,0,1996,312,1957,1957.0
7,685,1040,550,315,11584,96.0,88,0,1979,114,1979,1979.0
6,748,1423,672,0,11526,0.0,0,431,1994,588,1922,1993.0
6,0,848,420,697,4426,147.0,0,149,2004,151,2004,2004.0
10,981,1026,812,765,11003,160.0,52,168,2008,252,2008,2008.0
6,0,952,192,0,8854,0.0,98,0,1950,952,1916,1916.0
7,0,1422,626,0,8500,106.0,60,192,2004,1422,2004,2004.0
6,0,913,240,187,8400,0.0,0,0,1966,0,1966,1990.0
5,0,1188,312,593,26142,189.0,39,261,1962,595,1962,1962.0
8,870,1220,556,1079,10000,438.0,65,0,1996,141,1995,1995.0
4,550,796,384,0,11767,0.0,24,168,2000,560,1910,1950.0
5,0,630,0,553,1533,0.0,0,0,1970,77,1970,1980.0
5,896,896,0,0,9000,0.0,45,32,1974,896,1974,1980.0
8,0,1578,840,0,9262,194.0,36,0,2009,1573,2008,2008.0
5,0,1072,525,547,3675,80.0,28,0,2005,0,2005,2005.0
5,0,1140,0,0,17217,0.0,56,36,2006,1140,2006,1980.0
7,0,1221,400,410,7500,0.0,113,0,2005,811,2004,2004.0
6,694,953,460,0,7917,0.0,40,0,2000,953,1999,1999.0
6,0,2073,500,790,13175,119.0,0,349,1988,589,1978,1978.0
7,1152,1188,252,275,9042,0.0,60,0,2006,877,1941,1941.0
5,0,1078,240,49,9717,0.0,0,366,1996,0,1950,1950.0
5,0,1256,276,830,9937,0.0,68,736,1965,136,1965,1965.0
